replicon,replicon type,GC%,hitcount,best identity%
CP188919.1,chromosome,47.700045996791665,9,80.560
CP188920.1,chromosome,46.84607865952991,0,n/a
CP003330.1,chromosome,47.65665264592928,8,80.560
CP003331.1,chromosome,46.91914085526463,0,n/a
CP189078.1,chromosome,47.4757030049882,9,80.560
NZ_CM126285.1,chromosome,47.623212534998544,7,78.730
NZ_JBQSRC010000002.1,plasmid,44.81785967399008,0,n/a
NZ_JBQSRC010000004.1,plasmid,45.23957685127567,0,n/a
NZ_JBQSRC010000003.1,plasmid,50.13413256031052,0,n/a
CP016987.1,chromosome,48.05694468660675,9,80.635
CP016988.1,chromosome,46.84330387714399,0,n/a
AP023377.1,chromosome,47.90082618874714,9,80.562
AP023378.1,chromosome,47.20188372484162,0,n/a
CP189047.1,chromosome,47.70082119415923,9,80.560
CP189048.1,chromosome,46.97786661052202,0,n/a
NZ_CP173268.1,chromosome,47.68243942411,10,80.560
NZ_CP173269.1,chromosome,47.01970045521403,0,n/a
NZ_CP173270.1,plasmid,52.587349432917755,0,n/a
CM126291.1,chromosome,47.624307684153806,7,78.730
JBQSRH010000003.1,plasmid,44.833788932481625,0,n/a
JBQSRH010000002.1,plasmid,45.262829835861204,0,n/a
JBQSRH010000004.1,plasmid,50.1391360780342,0,n/a
NZ_CP024082.1,chromosome,47.70684878810963,10,80.591
NZ_CP024083.1,chromosome,47.28438004709534,0,n/a
CP189065.1,chromosome,47.700807262779286,9,80.560
CP189066.1,chromosome,46.977583369603906,0,n/a
NZ_CP172325.1,chromosome,47.80304400230979,8,80.560
NZ_CP172326.1,chromosome,46.9200247649339,0,n/a
CP171656.1,chromosome,47.71081661286702,8,80.560
CP171657.1,chromosome,47.06688170184988,0,n/a
NC_008150.1,contig/unkown,47.701194035500585,7,78.807
NC_008122.1,plasmid,44.832785672626926,0,n/a
NC_008120.1,plasmid,50.23996848793938,0,n/a
NC_008121.1,plasmid,45.43936160341468,0,n/a
CP178092.1,chromosome,47.663200535744124,7,78.730
CP178093.1,plasmid,44.80770323240357,0,n/a
CP178095.1,plasmid,50.16635310426775,0,n/a
CP178094.1,plasmid,45.27575442247659,0,n/a
CP047299.1,chromosome,47.69675958738503,8,80.560
CP047300.1,chromosome,46.910783498221335,0,n/a
CP189132.1,chromosome,47.47425367324578,9,80.560
CP189023.1,chromosome,47.69735124238848,9,80.560
CP189024.1,chromosome,46.833166851715006,0,n/a
NZ_CP046749.1,chromosome,47.86333981571989,10,80.635
NZ_CP046750.1,chromosome,47.134208493088074,0,n/a
NZ_CP013309.1,chromosome,47.72455519458308,9,80.560
NZ_CP013310.1,chromosome,46.81949894870223,0,n/a
CP171678.1,chromosome,47.71833096291343,10,80.560
CP171679.1,chromosome,46.77466615298631,0,n/a
CP189226.1,chromosome,47.69408077132815,9,80.560
CP189227.1,chromosome,46.8333936743996,0,n/a
NZ_CM126326.1,chromosome,47.62450032943371,7,78.730
NZ_JBQSSQ010000004.1,plasmid,44.80758869069563,0,n/a
NZ_JBQSSQ010000002.1,plasmid,45.262829835861204,0,n/a
NZ_JBQSSQ010000003.1,plasmid,50.12917358375655,0,n/a
CP189194.1,chromosome,47.698097882949305,9,80.560
CP189195.1,chromosome,46.83329496253277,0,n/a
NC_008149.1,contig/unkown,47.5840153134021,7,78.807
NC_008118.1,plasmid,50.16250817495392,0,n/a
NC_008119.1,plasmid,45.43514566709965,0,n/a
CP000901.1,chromosome,47.598026221434225,7,78.817
CP000902.1,plasmid,44.64144302683678,0,n/a
CP000900.1,plasmid,49.97905210788164,0,n/a
AE017042.1,chromosome,47.6500767671404,7,78.730
AE017043.1,plasmid,44.84670534072607,0,n/a
AE017044.1,plasmid,49.06632324533162,0,n/a
AE017045.1,plasmid,50.31132199321093,0,n/a
AE017046.1,plasmid,45.25965240919971,0,n/a
CP189190.1,chromosome,47.70196022503319,9,80.560
CP189191.1,chromosome,46.833344318512005,0,n/a
CP189204.1,chromosome,47.68542046819373,9,80.560
CP189205.1,chromosome,46.833233847287836,0,n/a
NZ_CM126291.1,chromosome,47.624307684153806,7,78.730
NZ_JBQSRH010000003.1,plasmid,44.833788932481625,0,n/a
NZ_JBQSRH010000002.1,plasmid,45.262829835861204,0,n/a
NZ_JBQSRH010000004.1,plasmid,50.1391360780342,0,n/a
CP009906.1,chromosome,47.70555545171393,7,78.730
CP009905.1,plasmid,44.83425807369469,0,n/a
CP009904.1,plasmid,50.23789039420355,0,n/a
CP009903.1,plasmid,45.28046622957644,0,n/a
CP188858.1,chromosome,47.700025335698,9,80.560
CP188859.1,chromosome,46.82943059502162,0,n/a
CP026531.1,chromosome,47.55853966949093,9,80.591
CP026532.1,chromosome,46.41539601303286,0,n/a
CP026647.1,chromosome,47.70105030784885,7,80.560
CP026648.1,chromosome,47.018597863142894,0,n/a
CP188832.1,chromosome,47.699617292107106,9,80.560
CP188833.1,chromosome,46.82934966959842,0,n/a
CM126285.1,chromosome,47.623212534998544,7,78.730
JBQSRC010000002.1,plasmid,44.81785967399008,0,n/a
JBQSRC010000004.1,plasmid,45.23957685127567,0,n/a
JBQSRC010000003.1,plasmid,50.13413256031052,0,n/a
NZ_AP023377.1,chromosome,47.90082618874714,9,80.562
NZ_AP023378.1,chromosome,47.20188372484162,0,n/a
CP046839.1,chromosome,47.90334282228548,10,80.591
CP046838.1,chromosome,47.21739000997316,0,n/a
CM126326.1,chromosome,47.62450032943371,7,78.730
JBQSSQ010000004.1,plasmid,44.80758869069563,0,n/a
JBQSSQ010000002.1,plasmid,45.262829835861204,0,n/a
JBQSSQ010000003.1,plasmid,50.12917358375655,0,n/a
NZ_CP171678.1,chromosome,47.71833096291343,10,80.560
NZ_CP171679.1,chromosome,46.77466615298631,0,n/a
NZ_CP047299.1,chromosome,47.69675958738503,8,80.560
NZ_CP047300.1,chromosome,46.910783498221335,0,n/a
NZ_CP171656.1,chromosome,47.71081661286702,8,80.560
NZ_CP171657.1,chromosome,47.06688170184988,0,n/a
NZ_CP178092.1,chromosome,47.663200535744124,7,78.730
NZ_CP178093.1,plasmid,44.80770323240357,0,n/a
NZ_CP178095.1,plasmid,50.16635310426775,0,n/a
NZ_CP178094.1,plasmid,45.27575442247659,0,n/a
CP065918.1,chromosome,47.56905777669831,6,78.807
CP172325.1,chromosome,47.80304400230979,8,80.560
CP172326.1,chromosome,46.9200247649339,0,n/a
CP177894.1,chromosome,47.645052490502216,7,78.730
CP177895.1,plasmid,44.6348863669516,0,n/a
CP177896.1,plasmid,50.14061240142382,0,n/a
CP177897.1,plasmid,45.271043595879725,0,n/a
CP160420.1,chromosome,47.6874261179301,8,80.560
CP160421.1,chromosome,47.033290265310306,0,n/a
NZ_AP024547.1,chromosome,47.625854981010654,8,80.560
NZ_AP024548.1,chromosome,46.91035978047293,0,n/a
CP189271.1,chromosome,47.701880704655835,9,80.560
CP189272.1,chromosome,46.93503671512064,0,n/a
NZ_CP134060.1,chromosome,47.65958999915167,9,80.560
NZ_CP134061.1,chromosome,47.018743737707794,0,n/a
NZ_CM126274.1,chromosome,47.62343873623395,7,78.730
NZ_JBQSQP010000003.1,plasmid,44.819376142628364,0,n/a
NZ_JBQSQP010000002.1,plasmid,45.27950310559007,0,n/a
NZ_JBQSQP010000004.1,plasmid,50.13306883243148,0,n/a
AP024555.1,chromosome,47.667573788315146,8,80.560
AP024556.1,chromosome,46.91000311688116,0,n/a
CP188884.1,chromosome,47.69990209010652,9,80.560
CP188885.1,chromosome,46.82929451420638,0,n/a
CP188961.1,chromosome,47.700019320563456,9,80.560
CP188962.1,chromosome,46.833251486016174,0,n/a
NZ_CP053796.1,chromosome,47.84038515303294,10,80.758
NZ_CP053797.1,chromosome,46.406533559847354,0,n/a
NZ_CP178033.1,chromosome,47.64696888734126,7,78.807
NZ_CP178035.1,plasmid,44.8114804989558,0,n/a
NZ_CP178034.1,plasmid,50.2960177238285,0,n/a
NZ_CP178036.1,plasmid,45.270059319388075,0,n/a
LT897797.1,chromosome,47.789548933608536,10,80.574
LT897798.1,chromosome,46.84777896023019,0,n/a
CP001608.1,chromosome,47.588702981401624,7,78.830
CP001609.1,plasmid,44.630353600186716,0,n/a
CP001610.1,plasmid,50.15309308462421,0,n/a
CP001611.1,plasmid,45.29166666666667,0,n/a
NZ_CP072847.1,chromosome,47.64932860930309,9,80.560
NZ_CP072848.1,chromosome,46.9209274167555,0,n/a
NZ_CM126334.1,chromosome,47.62487794947163,7,78.730
NZ_JBQSSX010000002.1,plasmid,44.81737133785948,0,n/a
NZ_JBQSSX010000004.1,plasmid,45.264580517725335,0,n/a
NZ_JBQSSX010000003.1,plasmid,50.124698073562044,0,n/a
CP173026.1,chromosome,48.01812325374179,9,80.635
CP173027.1,chromosome,46.828622767365786,0,n/a
NZ_CP028827.1,chromosome,47.704724981045224,10,80.560
NZ_CP028828.1,chromosome,46.914618713811315,0,n/a
CM126338.1,chromosome,47.624175448087044,7,78.730
JBQSTA010000002.1,plasmid,44.81390140884996,0,n/a
JBQSTA010000004.1,plasmid,45.28223718280683,0,n/a
JBQSTA010000003.1,plasmid,50.14733905663713,0,n/a
NZ_CP006947.1,chromosome,47.6770918273404,7,80.560
NZ_CP006948.1,chromosome,47.01983467918981,0,n/a
CP177870.1,chromosome,47.58713834881822,7,78.730
CP177871.1,plasmid,44.63540602842053,0,n/a
CP177872.1,plasmid,50.16585964808048,0,n/a
CP177873.1,plasmid,45.27575442247659,0,n/a
CP189089.1,chromosome,47.47577800981675,9,80.560
NZ_AP024555.1,chromosome,47.667573788315146,8,80.560
NZ_AP024556.1,chromosome,46.91000311688116,0,n/a
CP046837.1,chromosome,47.65164854031905,10,80.591
CP046836.1,chromosome,46.95006909198561,0,n/a
CP053796.1,chromosome,47.84038515303294,10,80.758
CP053797.1,chromosome,46.406533559847354,0,n/a
CP160416.1,chromosome,47.673943737823684,8,80.560
CP160417.1,chromosome,47.0878039512977,0,n/a
CM126274.1,chromosome,47.62343873623395,7,78.730
JBQSQP010000003.1,plasmid,44.819376142628364,0,n/a
JBQSQP010000002.1,plasmid,45.27950310559007,0,n/a
JBQSQP010000004.1,plasmid,50.13306883243148,0,n/a
CP188965.1,chromosome,47.69992425433674,9,80.560
CP188966.1,chromosome,46.833437151007836,0,n/a
CP189075.1,chromosome,47.47543694197819,9,80.560
CP134060.1,chromosome,47.65958999915167,9,80.560
CP134061.1,chromosome,47.018743737707794,0,n/a
AP024547.1,chromosome,47.625854981010654,8,80.560
AP024548.1,chromosome,46.91035978047293,0,n/a
CP189256.1,chromosome,47.68531158533184,9,80.560
CP189257.1,chromosome,46.83308577794281,0,n/a
NZ_CP009785.1,chromosome,47.63234614785779,6,78.807
NZ_CP009783.1,plasmid,44.83607140317189,0,n/a
NZ_CP009784.1,plasmid,50.199647135295756,0,n/a
NZ_CP009782.1,plasmid,44.04907975460123,0,n/a
NZ_CP177894.1,chromosome,47.645052490502216,7,78.730
NZ_CP177895.1,plasmid,44.6348863669516,0,n/a
NZ_CP177896.1,plasmid,50.14061240142382,0,n/a
NZ_CP177897.1,plasmid,45.271043595879725,0,n/a
CP189033.1,chromosome,47.70091815887281,9,80.560
CP189034.1,chromosome,46.97800537780598,0,n/a
LT992488.1,chromosome,47.684574282383714,9,80.560
LT992489.1,chromosome,46.95017317043226,0,n/a
NZ_CM126338.1,chromosome,47.624175448087044,7,78.730
NZ_JBQSTA010000002.1,plasmid,44.81390140884996,0,n/a
NZ_JBQSTA010000004.1,plasmid,45.28223718280683,0,n/a
NZ_JBQSTA010000003.1,plasmid,50.14733905663713,0,n/a
NZ_CP177870.1,chromosome,47.58713834881822,7,78.730
NZ_CP177871.1,plasmid,44.63540602842053,0,n/a
NZ_CP177872.1,plasmid,50.16585964808048,0,n/a
NZ_CP177873.1,plasmid,45.27575442247659,0,n/a
CP006751.1,chromosome,47.63641098813541,7,78.753
CP006750.1,plasmid,44.88486221215553,0,n/a
CP006749.1,plasmid,51.9866891824774,0,n/a
CP178033.1,chromosome,47.64696888734126,7,78.807
CP178035.1,plasmid,44.8114804989558,0,n/a
CP178034.1,plasmid,50.2960177238285,0,n/a
CP178036.1,plasmid,45.270059319388075,0,n/a
CM126334.1,chromosome,47.62487794947163,7,78.730
JBQSSX010000002.1,plasmid,44.81737133785948,0,n/a
JBQSSX010000004.1,plasmid,45.264580517725335,0,n/a
JBQSSX010000003.1,plasmid,50.124698073562044,0,n/a
CP072847.1,chromosome,47.64932860930309,9,80.560
CP072848.1,chromosome,46.9209274167555,0,n/a
CP046744.1,chromosome,47.84288306974332,10,80.560
CP046743.1,chromosome,46.81612781505103,0,n/a
LT992490.1,chromosome,47.52127222038476,9,80.635
LT992491.1,chromosome,46.445158854721306,0,n/a
NZ_CM126298.1,chromosome,47.623928506211634,7,78.730
NZ_JBQSRO010000002.1,plasmid,44.8157074000567,0,n/a
NZ_JBQSRO010000004.1,plasmid,45.244029075804775,0,n/a
NZ_JBQSRO010000003.1,plasmid,50.12322405176391,0,n/a
NZ_CP147726.1,chromosome,47.862155799891354,9,80.562
NZ_CP147727.1,chromosome,47.04655776004217,0,n/a
NZ_CP080465.1,chromosome,47.69344320340981,8,80.560
NZ_CP080466.1,chromosome,47.01583237453208,0,n/a
NZ_CP009723.1,chromosome,47.62139099866295,6,78.807
NZ_CP009721.1,plasmid,44.837493777114,0,n/a
NZ_CP009722.1,plasmid,50.230745244777054,0,n/a
NZ_CP009724.1,plasmid,44.89534387014096,0,n/a
CP189261.1,chromosome,47.47413156575169,9,80.560
CP189170.1,chromosome,47.68528999032506,9,80.560
CP189171.1,chromosome,46.83309753769945,0,n/a
CP177886.1,chromosome,47.592445144947234,7,78.730
CP177889.1,plasmid,44.8224012709941,0,n/a
CP177888.1,plasmid,50.16585964808048,0,n/a
CP177887.1,plasmid,45.271043595879725,0,n/a
NZ_CP151615.1,chromosome,47.63605123022438,7,78.830
NZ_CP151617.1,plasmid,44.64149839040093,0,n/a
NZ_CP151616.1,plasmid,50.16202717299745,0,n/a
NZ_CP151618.1,plasmid,45.270059319388075,0,n/a
CP024867.1,chromosome,47.65110064598339,9,80.560
CP024868.1,chromosome,46.9212896137493,0,n/a
NZ_CP171686.1,chromosome,47.71989759731431,10,80.560
NZ_CP171687.1,chromosome,46.77467489012281,0,n/a
CP189083.1,chromosome,47.69910385169581,9,80.560
CP189084.1,chromosome,46.833219768773894,0,n/a
NZ_AP024549.1,chromosome,47.67060456282534,9,80.560
NZ_AP024550.1,chromosome,46.90380777580757,0,n/a
NC_003143.1,contig/unkown,47.63611023248458,6,78.730
NC_003131.1,plasmid,44.83607140317189,0,n/a
NC_003134.1,plasmid,50.22762706579358,0,n/a
NC_003132.1,plasmid,45.26633374947981,0,n/a
CM126281.1,chromosome,47.62359702140419,7,78.730
JBQSQX010000004.1,plasmid,44.81756584356307,0,n/a
JBQSQX010000003.1,plasmid,45.25812818115716,0,n/a
JBQSQX010000002.1,plasmid,50.130150778449,0,n/a
CP196623.1,chromosome,47.79103194993118,9,80.560
CP196624.1,chromosome,46.89570672150877,0,n/a
CP188880.1,chromosome,47.699849293707274,9,80.560
CP188881.1,chromosome,46.82929451420638,0,n/a
NZ_CP006762.1,chromosome,47.639941232886,7,78.753
NZ_CP006761.1,plasmid,44.890454818729644,0,n/a
NZ_CP006760.1,plasmid,52.00157644671829,0,n/a
CP189263.1,chromosome,47.47428151436246,9,80.560
NZ_CP177886.1,chromosome,47.592445144947234,7,78.730
NZ_CP177889.1,plasmid,44.8224012709941,0,n/a
NZ_CP177888.1,plasmid,50.16585964808048,0,n/a
NZ_CP177887.1,plasmid,45.271043595879725,0,n/a
CP171686.1,chromosome,47.71989759731431,10,80.560
CP171687.1,chromosome,46.77467489012281,0,n/a
CP080465.1,chromosome,47.69344320340981,8,80.560
CP080466.1,chromosome,47.01583237453208,0,n/a
CP045163.1,chromosome,47.59414205037119,7,78.730
CP045164.1,plasmid,50.163879234372054,0,n/a
CP045165.1,plasmid,45.27575442247659,0,n/a
CP189168.1,chromosome,47.69820988565153,9,80.560
CP189169.1,chromosome,46.83329496253277,0,n/a
CM126298.1,chromosome,47.623928506211634,7,78.730
JBQSRO010000002.1,plasmid,44.8157074000567,0,n/a
JBQSRO010000004.1,plasmid,45.244029075804775,0,n/a
JBQSRO010000003.1,plasmid,50.12322405176391,0,n/a
NZ_CP006783.1,chromosome,47.62864416192646,7,78.830
NZ_CP006780.1,plasmid,44.88968429294483,0,n/a
NZ_CP006779.1,plasmid,52.00157644671829,0,n/a
NZ_CP158974.1,chromosome,47.65587276827033,8,80.560
NZ_CP158975.1,chromosome,47.04033846601927,0,n/a
NZ_CP158976.1,plasmid,51.37004484304932,0,n/a
CP012666.1,chromosome,46.95371884103741,0,n/a
CP012667.1,chromosome,47.68222509562279,8,80.560
CP012668.1,plasmid,51.53068022829732,0,n/a
CP009935.1,chromosome,47.59886409527241,7,78.730
CP009937.1,plasmid,44.64144302683678,0,n/a
CP009934.1,plasmid,50.930237436026516,0,n/a
CP009936.1,plasmid,45.05494505494506,0,n/a
NZ_CP010247.1,chromosome,47.64014528024641,7,78.807
NZ_CP010246.1,plasmid,44.889199580566235,0,n/a
NZ_CP010248.1,plasmid,52.07649993790589,0,n/a
NZ_CP196623.1,chromosome,47.79103194993118,9,80.560
NZ_CP196624.1,chromosome,46.89570672150877,0,n/a
NZ_CP046747.1,chromosome,47.63273263253204,10,80.591
NZ_CP046748.1,chromosome,47.042998868426075,0,n/a
CP189057.1,chromosome,47.700807262779286,9,80.560
CP189058.1,chromosome,46.977961024161395,0,n/a
NC_002695.2,chromosome,50.53704794221342,7,78.699
NC_002127.1,plasmid,43.40592861464005,0,n/a
NC_002128.1,plasmid,47.59978861315128,0,n/a
NZ_CM126281.1,chromosome,47.62359702140419,7,78.730
NZ_JBQSQX010000004.1,plasmid,44.81756584356307,0,n/a
NZ_JBQSQX010000003.1,plasmid,45.25812818115716,0,n/a
NZ_JBQSQX010000002.1,plasmid,50.130150778449,0,n/a
AP024549.1,chromosome,47.67060456282534,9,80.560
AP024550.1,chromosome,46.90380777580757,0,n/a
CP025936.1,chromosome,47.65095061775892,9,80.560
CP025937.1,chromosome,46.92102084230608,0,n/a
CM129953.1,chromosome,47.68633053248327,10,80.560
CM129954.1,chromosome,47.1178021154287,0,n/a
JBRUSW010000003.1,plasmid,40.000449822320185,0,n/a
JBRUSW010000004.1,plasmid,42.232115443659815,0,n/a
JBRUSW010000005.1,plasmid,38.98781630740394,0,n/a
CP178079.1,chromosome,47.6249741388228,7,78.730
CP178081.1,plasmid,44.64539162752586,0,n/a
CP178083.1,plasmid,50.1693337558425,0,n/a
CP178082.1,plasmid,45.17066867664477,0,n/a
CP178080.1,plasmid,50.24124742571344,0,n/a
CP053816.1,chromosome,47.80718395624818,10,80.560
CP053817.1,chromosome,46.54556613287864,0,n/a
CP053818.1,plasmid,42.17161857500913,0,n/a
CP053819.1,plasmid,46.34605616877888,0,n/a
CP189103.1,chromosome,47.70153499224277,9,80.560
CP189104.1,chromosome,46.83299062861174,0,n/a
NZ_CP046840.1,chromosome,47.72970810741367,9,80.560
NZ_CP046841.1,chromosome,46.95068561987498,0,n/a
NZ_CP178387.1,chromosome,47.943441072622974,10,80.516
NZ_CP178388.1,chromosome,47.22659410630122,0,n/a
NZ_CM126327.1,chromosome,47.62438769833759,7,78.730
NZ_JBQSSR010000002.1,plasmid,44.83046766563748,0,n/a
NZ_JBQSSR010000004.1,plasmid,45.28790389395195,0,n/a
NZ_JBQSSR010000003.1,plasmid,50.13413783276501,0,n/a
NZ_CP177820.1,chromosome,47.664020915574525,7,78.730
NZ_CP177823.1,plasmid,44.81054365733114,0,n/a
NZ_CP177821.1,plasmid,50.16635310426775,0,n/a
NZ_CP177822.1,plasmid,45.27575442247659,0,n/a
CM165264.1,chromosome,47.687229900573605,9,80.560
CM165265.1,chromosome,47.01851740498627,0,n/a
NZ_CM129941.1,chromosome,47.855826336268684,10,80.560
NZ_CM129942.1,chromosome,47.113146000823406,0,n/a
NZ_JBRUTC010000003.1,plasmid,40.95881595881596,0,n/a
NZ_JBRUTC010000004.1,plasmid,40.33771106941838,0,n/a
NZ_JBRUTC010000005.1,plasmid,43.770346256288846,0,n/a
NZ_JBRUTC010000006.1,plasmid,46.280276816608996,0,n/a
CP189019.1,chromosome,47.70003641810601,9,80.560
CP189020.1,chromosome,46.83326556491936,0,n/a
NZ_CP177934.1,chromosome,47.58858738305381,7,78.730
NZ_CP177935.1,plasmid,44.63845491809257,0,n/a
NZ_CP177936.1,plasmid,50.11620185922975,0,n/a
NZ_CP177937.1,plasmid,45.27575442247659,0,n/a
CP189148.1,chromosome,47.69273917006508,9,80.560
CP189149.1,chromosome,46.83310929736875,0,n/a
CP188923.1,chromosome,47.69591613279583,9,80.560
CP188924.1,chromosome,46.846165876036075,0,n/a
CP188989.1,chromosome,47.69749586539211,9,80.560
CP188990.1,chromosome,46.83341363403859,0,n/a
CP189156.1,chromosome,47.70210516606011,9,80.560
CP189157.1,chromosome,46.83338779511478,0,n/a
CP006748.1,chromosome,47.642534986984735,7,78.807
CP006747.1,plasmid,44.889056667086116,0,n/a
CP006746.1,plasmid,52.003036119605596,0,n/a
CM126292.1,chromosome,47.62430148756185,7,78.730
JBQSRI010000002.1,plasmid,44.81179556248671,0,n/a
JBQSRI010000004.1,plasmid,45.2513966480447,0,n/a
JBQSRI010000003.1,plasmid,50.13653687477899,0,n/a
CP189248.1,chromosome,47.70218919653573,9,80.560
CP189249.1,chromosome,46.83338779511478,0,n/a
CP189088.1,chromosome,47.47575138008093,9,80.560
CM126327.1,chromosome,47.62438769833759,7,78.730
JBQSSR010000002.1,plasmid,44.83046766563748,0,n/a
JBQSSR010000004.1,plasmid,45.28790389395195,0,n/a
JBQSSR010000003.1,plasmid,50.13413783276501,0,n/a
NZ_CM165264.1,chromosome,47.687229900573605,9,80.560
NZ_CM165265.1,chromosome,47.01851740498627,0,n/a
CP177820.1,chromosome,47.664020915574525,7,78.730
CP177823.1,plasmid,44.81054365733114,0,n/a
CP177821.1,plasmid,50.16635310426775,0,n/a
CP177822.1,plasmid,45.27575442247659,0,n/a
CM129941.1,chromosome,47.855826336268684,10,80.560
CM129942.1,chromosome,47.113146000823406,0,n/a
JBRUTC010000003.1,plasmid,40.95881595881596,0,n/a
JBRUTC010000004.1,plasmid,40.33771106941838,0,n/a
JBRUTC010000005.1,plasmid,43.770346256288846,0,n/a
JBRUTC010000006.1,plasmid,46.280276816608996,0,n/a
NZ_CP053816.1,chromosome,47.80718395624818,10,80.560
NZ_CP053817.1,chromosome,46.54556613287864,0,n/a
NZ_CP053818.1,plasmid,42.17161857500913,0,n/a
NZ_CP053819.1,plasmid,46.34605616877888,0,n/a
NZ_CM129953.1,chromosome,47.68633053248327,10,80.560
NZ_CM129954.1,chromosome,47.1178021154287,0,n/a
NZ_JBRUSW010000003.1,plasmid,40.000449822320185,0,n/a
NZ_JBRUSW010000004.1,plasmid,42.232115443659815,0,n/a
NZ_JBRUSW010000005.1,plasmid,38.98781630740394,0,n/a
NZ_CP178079.1,chromosome,47.6249741388228,7,78.730
NZ_CP178081.1,plasmid,44.64539162752586,0,n/a
NZ_CP178083.1,plasmid,50.1693337558425,0,n/a
NZ_CP178082.1,plasmid,45.17066867664477,0,n/a
NZ_CP178080.1,plasmid,50.24124742571344,0,n/a
CP188925.1,chromosome,47.69594875884003,9,80.560
CP188926.1,chromosome,46.846003187322204,0,n/a
CP137135.1,chromosome,47.76418133341936,10,80.560
CP137136.1,chromosome,46.91661919747495,0,n/a
NZ_CM126292.1,chromosome,47.62430148756185,7,78.730
NZ_JBQSRI010000002.1,plasmid,44.81179556248671,0,n/a
NZ_JBQSRI010000004.1,plasmid,45.2513966480447,0,n/a
NZ_JBQSRI010000003.1,plasmid,50.13653687477899,0,n/a
CP189138.1,chromosome,47.472962052138676,9,80.560
CP177934.1,chromosome,47.58858738305381,7,78.730
CP177935.1,plasmid,44.63845491809257,0,n/a
CP177936.1,plasmid,50.11620185922975,0,n/a
CP177937.1,plasmid,45.27575442247659,0,n/a
CP189358.1,chromosome,47.68535824935463,9,80.560
CP189359.1,chromosome,46.80096644196276,0,n/a
NC_014029.1,contig/unkown,47.67886232960133,6,78.753
NC_014017.1,plasmid,44.64165520470574,0,n/a
NC_014022.1,plasmid,50.2042418648078,0,n/a
NC_014027.1,plasmid,45.28046622957644,0,n/a
CP188868.1,chromosome,47.6999785545786,9,80.560
CP188869.1,chromosome,46.829387193728934,0,n/a
NZ_CP045154.1,chromosome,47.640294895911026,6,78.730
NZ_CP045156.1,plasmid,44.633427662864314,0,n/a
NZ_CP045155.1,plasmid,50.15410027597043,0,n/a
NZ_CP045157.1,plasmid,45.271043595879725,0,n/a
NZ_CM126278.1,chromosome,47.62382935729905,7,78.730
NZ_JBQSQT010000004.1,plasmid,44.81561268743445,0,n/a
NZ_JBQSQT010000003.1,plasmid,45.294972995429994,0,n/a
NZ_JBQSQT010000002.1,plasmid,50.13763812969444,0,n/a
NC_017154.1,contig/unkown,47.62601492871796,6,78.730
NC_017153.1,plasmid,44.64311843375962,0,n/a
NC_017155.1,plasmid,50.20318517968361,0,n/a
NC_017156.1,plasmid,45.28144834044324,0,n/a
CP189130.1,chromosome,47.47425611586489,9,80.560
NZ_AKGH01000001.1,chromosome,47.6770918273404,7,80.560
NZ_AKGH01000002.1,chromosome,47.01983467918981,0,n/a
NZ_CM126313.1,chromosome,47.62388628639662,7,78.730
NZ_JBQSSD010000002.1,plasmid,44.82397109867536,0,n/a
NZ_JBQSSD010000003.1,plasmid,45.265780730897006,0,n/a
NZ_JBQSSD010000004.1,plasmid,50.13560254696958,0,n/a
CP189368.1,chromosome,47.69806523810659,9,80.560
CP189369.1,chromosome,46.83287427578915,0,n/a
NZ_CM126301.1,chromosome,47.62301577575713,7,78.730
NZ_JBQSRR010000004.1,plasmid,44.80968858131488,0,n/a
NZ_JBQSRR010000002.1,plasmid,45.28223718280683,0,n/a
NZ_JBQSRR010000003.1,plasmid,50.13861853359287,0,n/a
NZ_CP013303.1,chromosome,47.713576023426,8,80.560
NZ_CP013304.1,chromosome,46.9519339638154,0,n/a
NC_017160.1,contig/unkown,47.63189267041054,6,78.730
NC_017157.1,plasmid,44.71973013708462,0,n/a
NC_017158.1,plasmid,50.23009807800429,0,n/a
NC_017159.1,plasmid,45.285179017485426,0,n/a
CP171688.1,chromosome,47.766445946346465,8,80.560
CP171689.1,chromosome,46.9198592800195,0,n/a
NZ_CP047295.1,chromosome,47.65161884754519,9,80.560
NZ_CP047296.1,chromosome,46.92120550771053,0,n/a
CM126342.1,chromosome,47.62459594086164,7,78.730
JBQSTC010000002.1,plasmid,44.81526639634786,0,n/a
JBQSTC010000003.1,plasmid,45.26359571591973,0,n/a
JBQSTC010000004.1,plasmid,50.13064063021826,0,n/a
NZ_CM165267.1,chromosome,47.66053083176525,9,80.560
NZ_CM165268.1,chromosome,47.018923892129614,0,n/a
NZ_JBWDFJ010000003.1,plasmid,52.19596446978836,0,n/a
CM126278.1,chromosome,47.62382935729905,7,78.730
JBQSQT010000004.1,plasmid,44.81561268743445,0,n/a
JBQSQT010000003.1,plasmid,45.294972995429994,0,n/a
JBQSQT010000002.1,plasmid,50.13763812969444,0,n/a
NZ_CP010023.1,chromosome,47.64839419575229,7,78.730
NZ_CP010022.1,plasmid,44.85599053713178,0,n/a
NZ_CP010021.1,plasmid,50.33647375504711,0,n/a
NZ_CP010020.1,plasmid,45.26337705600667,0,n/a
CP189224.1,chromosome,47.70205534902662,9,80.560
CP189225.1,chromosome,46.833219768773894,0,n/a
CP188983.1,chromosome,47.699922750488,9,80.560
CP188984.1,chromosome,46.82315851623001,0,n/a
CP189292.1,chromosome,47.69686347661601,8,80.560
CP189293.1,chromosome,46.93494879561517,0,n/a
CP188892.1,chromosome,47.69986939899017,9,80.560
CP188893.1,chromosome,46.82912091018368,0,n/a
NZ_CM126342.1,chromosome,47.62459594086164,7,78.730
NZ_JBQSTC010000002.1,plasmid,44.81526639634786,0,n/a
NZ_JBQSTC010000003.1,plasmid,45.26359571591973,0,n/a
NZ_JBQSTC010000004.1,plasmid,50.13064063021826,0,n/a
CM165267.1,chromosome,47.66053083176525,9,80.560
CM165268.1,chromosome,47.018923892129614,0,n/a
JBWDFJ010000003.1,plasmid,52.19596446978836,0,n/a
CP189328.1,chromosome,47.685392378802604,9,80.560
CP189329.1,chromosome,46.80096644196276,0,n/a
CP047295.1,chromosome,47.65161884754519,9,80.560
CP047296.1,chromosome,46.92120550771053,0,n/a
NZ_CP171688.1,chromosome,47.766445946346465,8,80.560
NZ_CP171689.1,chromosome,46.9198592800195,0,n/a
CM126313.1,chromosome,47.62388628639662,7,78.730
JBQSSD010000002.1,plasmid,44.82397109867536,0,n/a
JBQSSD010000003.1,plasmid,45.265780730897006,0,n/a
JBQSSD010000004.1,plasmid,50.13560254696958,0,n/a
CM126301.1,chromosome,47.62301577575713,7,78.730
JBQSRR010000004.1,plasmid,44.80968858131488,0,n/a
JBQSRR010000002.1,plasmid,45.28223718280683,0,n/a
JBQSRR010000003.1,plasmid,50.13861853359287,0,n/a
NZ_LT906614.1,chromosome,47.69585253456221,8,80.560
NZ_LT906615.1,chromosome,46.91458418623562,0,n/a
NZ_CP166963.1,chromosome,47.61937430951435,6,78.807
NZ_CP166965.1,plasmid,44.832147937411094,0,n/a
NZ_CP166964.1,plasmid,50.22866645878806,0,n/a
CP189069.1,chromosome,47.7008873235203,9,80.560
CP189070.1,chromosome,46.977961024161395,0,n/a
NC_000962.3,chromosome,65.61466628826449,1,79.286
NZ_CP064121.1,chromosome,47.65642519285446,7,78.830
NZ_CP177950.1,chromosome,47.64914917967116,7,78.730
NZ_CP177952.1,plasmid,44.63681446907818,0,n/a
NZ_CP177953.1,plasmid,50.15308691711149,0,n/a
NZ_CP177951.1,plasmid,45.27575442247659,0,n/a
AP023385.1,chromosome,48.09153564677246,9,80.560
AP023386.1,chromosome,46.62093362990896,0,n/a
NZ_CM126348.1,chromosome,47.62454835387199,7,78.730
NZ_JBQSTJ010000004.1,plasmid,44.81991240130973,0,n/a
NZ_JBQSTJ010000003.1,plasmid,45.264580517725335,0,n/a
NZ_JBQSTJ010000002.1,plasmid,50.133176077448525,0,n/a
CP189322.1,chromosome,47.68524483642832,9,80.560
CP189323.1,chromosome,46.80077610596945,0,n/a
CP196697.1,chromosome,47.656071867313884,7,78.730
CP196699.1,plasmid,44.65879938429964,0,n/a
CP196698.1,plasmid,50.33507491284313,0,n/a
CP196700.1,plasmid,45.25965240919971,0,n/a
CP188993.1,chromosome,47.69818815155967,9,80.560
CP188994.1,chromosome,46.83327732403022,0,n/a
CP010811.1,chromosome,47.76908005051476,10,80.560
CP013319.1,chromosome,47.671752502753876,9,80.560
CP013320.1,chromosome,46.91175052453101,0,n/a
NZ_CP007634.1,chromosome,47.74691527399833,9,80.560
NZ_CP007635.1,chromosome,47.018805536756275,0,n/a
NZ_CP007636.1,plasmid,52.36298851536765,0,n/a
NC_017270.1,chromosome,48.13758785326226,9,80.682
NC_017269.1,chromosome,47.554134908013424,0,n/a
CM129955.1,chromosome,47.79566921627744,9,80.560
CM129956.1,chromosome,47.101531203390735,0,n/a
JBRUSV010000003.1,plasmid,42.201412342646606,0,n/a
JBRUSV010000004.1,plasmid,46.971307120085015,0,n/a
JBRUSV010000005.1,plasmid,40.33771106941838,0,n/a
JBRUSV010000006.1,plasmid,43.81231671554252,0,n/a
JBRUSV010000007.1,plasmid,53.18217979315831,0,n/a
NZ_CP096666.1,chromosome,47.56918847043658,6,78.807
NZ_CP096667.1,plasmid,50.72281479887793,0,n/a
NZ_CP096668.1,plasmid,45.27967655885295,0,n/a
NZ_CP096669.1,plasmid,44.83357041251778,0,n/a
CP178053.1,chromosome,47.634080262757784,7,78.730
CP178056.1,plasmid,44.64604489186737,0,n/a
CP178054.1,plasmid,50.168343499960386,0,n/a
CP178055.1,plasmid,45.180073323269355,0,n/a
CP053822.1,chromosome,47.77314145164408,10,80.560
CP053823.1,chromosome,46.469968036472594,0,n/a
CP053824.1,plasmid,46.34937938210737,0,n/a
CP110188.1,chromosome,47.760906172700714,10,80.516
CP110189.1,chromosome,47.289266587129234,0,n/a
NZ_CP177806.1,chromosome,47.66072130177871,7,78.730
NZ_CP177808.1,plasmid,44.806283019939784,0,n/a
NZ_CP177807.1,plasmid,50.16585964808048,0,n/a
NZ_CP177809.1,plasmid,45.27575442247659,0,n/a
CM126255.1,chromosome,47.63016972623249,7,78.807
JBQSPY010000002.1,plasmid,44.800249599364655,0,n/a
JBQSPY010000004.1,plasmid,45.271043595879725,0,n/a
JBQSPY010000003.1,plasmid,50.13530135301353,0,n/a
NZ_CM129947.1,chromosome,47.844514346209465,10,80.560
NZ_CM129948.1,chromosome,45.715867575902905,0,n/a
NZ_JBRUSZ010000003.1,plasmid,43.37474120082816,0,n/a
CP189007.1,chromosome,47.697366810552346,9,80.560
CP189008.1,chromosome,46.83325968533117,0,n/a
CP188937.1,chromosome,47.69996145707302,9,80.560
CP188938.1,chromosome,46.839688066583996,0,n/a
CP046745.1,chromosome,47.53413490275711,10,80.635
CP046746.1,chromosome,47.25105429573832,0,n/a
CP189211.1,chromosome,47.70204425556858,9,80.560
CP189212.1,chromosome,46.82891204031945,0,n/a
CP145609.1,chromosome,47.768470275972774,10,80.591
CP145610.1,chromosome,46.44306281945902,0,n/a
NZ_CP196697.1,chromosome,47.656071867313884,7,78.730
NZ_CP196699.1,plasmid,44.65879938429964,0,n/a
NZ_CP196698.1,plasmid,50.33507491284313,0,n/a
NZ_CP196700.1,plasmid,45.25965240919971,0,n/a
NZ_CP013013.1,chromosome,47.08448129772823,0,n/a
NZ_CP013014.1,chromosome,47.80875077478076,8,80.711
CP064121.1,chromosome,47.65642519285446,7,78.830
CP177950.1,chromosome,47.64914917967116,7,78.730
CP177952.1,plasmid,44.63681446907818,0,n/a
CP177953.1,plasmid,50.15308691711149,0,n/a
CP177951.1,plasmid,45.27575442247659,0,n/a
NZ_CP028892.1,chromosome,47.806354469784125,10,80.516
NZ_CP028893.1,chromosome,46.81609306622315,0,n/a
CM126348.1,chromosome,47.62454835387199,7,78.730
JBQSTJ010000004.1,plasmid,44.81991240130973,0,n/a
JBQSTJ010000003.1,plasmid,45.264580517725335,0,n/a
JBQSTJ010000002.1,plasmid,50.133176077448525,0,n/a
NZ_AP023385.1,chromosome,48.09153564677246,9,80.560
NZ_AP023386.1,chromosome,46.62093362990896,0,n/a
CP009844.1,chromosome,47.63376439658737,6,78.807
CP009842.1,plasmid,44.83607140317189,0,n/a
CP009843.1,plasmid,48.200617572751945,0,n/a
NZ_CP110188.1,chromosome,47.760906172700714,10,80.516
NZ_CP110189.1,chromosome,47.289266587129234,0,n/a
CP177806.1,chromosome,47.66072130177871,7,78.730
CP177808.1,plasmid,44.806283019939784,0,n/a
CP177807.1,plasmid,50.16585964808048,0,n/a
CP177809.1,plasmid,45.27575442247659,0,n/a
CM129947.1,chromosome,47.844514346209465,10,80.560
CM129948.1,chromosome,45.715867575902905,0,n/a
JBRUSZ010000003.1,plasmid,43.37474120082816,0,n/a
NZ_CM126255.1,chromosome,47.63016972623249,7,78.807
NZ_JBQSPY010000002.1,plasmid,44.800249599364655,0,n/a
NZ_JBQSPY010000004.1,plasmid,45.271043595879725,0,n/a
NZ_JBQSPY010000003.1,plasmid,50.13530135301353,0,n/a
CP189125.1,chromosome,47.47425000930824,9,80.560
NZ_CP053822.1,chromosome,47.77314145164408,10,80.560
NZ_CP053823.1,chromosome,46.469968036472594,0,n/a
NZ_CP053824.1,plasmid,46.34937938210737,0,n/a
NZ_CM129955.1,chromosome,47.79566921627744,9,80.560
NZ_CM129956.1,chromosome,47.101531203390735,0,n/a
NZ_JBRUSV010000003.1,plasmid,42.201412342646606,0,n/a
NZ_JBRUSV010000004.1,plasmid,46.971307120085015,0,n/a
NZ_JBRUSV010000005.1,plasmid,40.33771106941838,0,n/a
NZ_JBRUSV010000006.1,plasmid,43.81231671554252,0,n/a
NZ_JBRUSV010000007.1,plasmid,53.18217979315831,0,n/a
CP096666.1,chromosome,47.56918847043658,6,78.807
CP096667.1,plasmid,50.72281479887793,0,n/a
CP096668.1,plasmid,45.27967655885295,0,n/a
CP096669.1,plasmid,44.83357041251778,0,n/a
CP189214.1,chromosome,47.47394204497072,9,80.560
CP189182.1,chromosome,47.68541095351968,9,80.560
CP189183.1,chromosome,46.833233847287836,0,n/a
NZ_CP178053.1,chromosome,47.634080262757784,7,78.730
NZ_CP178056.1,plasmid,44.64604489186737,0,n/a
NZ_CP178054.1,plasmid,50.168343499960386,0,n/a
NZ_CP178055.1,plasmid,45.180073323269355,0,n/a
NC_003923.1,contig/unkown,32.82958607490546,6,99.871
NZ_CP118727.1,chromosome,47.92565904347024,10,80.560
NZ_CP118728.1,chromosome,46.82204940052473,0,n/a
NZ_LT992492.1,chromosome,47.68455708436543,9,80.560
NZ_LT992493.1,chromosome,46.95017317043226,0,n/a
CP189087.1,chromosome,47.47554639654021,9,80.560
CM126309.1,chromosome,47.62378872037423,7,78.730
JBQSRZ010000003.1,plasmid,44.81717259077569,0,n/a
JBQSRZ010000002.1,plasmid,45.25714285714286,0,n/a
JBQSRZ010000004.1,plasmid,50.13517100360784,0,n/a
CP047301.1,chromosome,47.66978382174285,8,80.560
CP047302.1,chromosome,47.01702629562563,0,n/a
CP009492.1,chromosome,47.63296718353924,6,78.830
CP009491.1,plasmid,44.832688367857955,0,n/a
CP009490.1,plasmid,50.22869973803484,0,n/a
CP009489.1,plasmid,45.27575442247659,0,n/a
NZ_CP064117.1,chromosome,47.654047527530395,7,78.807
CP184809.1,chromosome,46.562419969286964,0,n/a
CP184810.1,chromosome,47.46047844715085,9,80.591
CP154821.1,chromosome,47.636915829630965,7,78.807
CP154823.1,plasmid,44.643928419882066,0,n/a
CP154822.1,plasmid,50.16300847247683,0,n/a
CP154824.1,plasmid,45.27575442247659,0,n/a
NZ_CM126323.1,chromosome,47.62462171021761,7,78.730
NZ_JBQSSO010000004.1,plasmid,44.821625910288745,0,n/a
NZ_JBQSSO010000003.1,plasmid,45.26817146407124,0,n/a
NZ_JBQSSO010000002.1,plasmid,50.12768381558528,0,n/a
CP188908.1,chromosome,47.700095785753746,9,80.560
CP188909.1,chromosome,46.84617174773098,0,n/a
NZ_CM126284.1,chromosome,47.623985144525136,7,78.730
NZ_JBQSRB010000003.1,plasmid,44.81399569014404,0,n/a
NZ_JBQSRB010000004.1,plasmid,45.25888958203368,0,n/a
NZ_JBQSRB010000002.1,plasmid,50.13855315134721,0,n/a
AP023383.1,chromosome,47.75898248972071,10,80.635
AP023384.1,chromosome,47.17155050012452,0,n/a
CP045640.1,chromosome,47.64695358657065,7,78.830
CP045638.1,plasmid,45.28989278650984,0,n/a
CP045636.1,plasmid,44.62714658807395,0,n/a
CP045637.1,plasmid,50.169447857624164,0,n/a
CP045639.1,plasmid,50.24271130593393,0,n/a
NC_009457.1,chromosome,47.78006057401468,8,80.635
NC_009456.1,chromosome,46.884457478005864,0,n/a
CP151599.1,chromosome,47.61609353084108,7,78.830
CP151601.1,plasmid,44.64311843375962,0,n/a
CP151600.1,plasmid,50.160029330453135,0,n/a
CP151602.1,plasmid,45.26436303080766,0,n/a
CM126288.1,chromosome,47.624006635239375,7,78.730
JBQSRA010000003.1,plasmid,44.81932832648434,0,n/a
JBQSRA010000002.1,plasmid,45.24722711723852,0,n/a
JBQSRA010000004.1,plasmid,50.143944976664216,0,n/a
CP064117.1,chromosome,47.654047527530395,7,78.807
CM126323.1,chromosome,47.62462171021761,7,78.730
JBQSSO010000004.1,plasmid,44.821625910288745,0,n/a
JBQSSO010000003.1,plasmid,45.26817146407124,0,n/a
JBQSSO010000002.1,plasmid,50.12768381558528,0,n/a
NZ_CP184809.1,chromosome,46.562419969286964,0,n/a
NZ_CP184810.1,chromosome,47.46047844715085,9,80.591
NZ_CP047301.1,chromosome,47.66978382174285,8,80.560
NZ_CP047302.1,chromosome,47.01702629562563,0,n/a
CP189260.1,chromosome,47.47373813837134,9,80.560
NZ_CP045149.1,chromosome,47.579624993703554,7,78.730
NZ_CP045151.1,plasmid,44.643928419882066,0,n/a
NZ_CP045150.1,plasmid,50.168343499960386,0,n/a
NZ_CP045153.1,plasmid,45.27575442247659,0,n/a
NZ_CP045152.1,plasmid,50.24124742571344,0,n/a
NZ_CM126309.1,chromosome,47.62378872037423,7,78.730
NZ_JBQSRZ010000003.1,plasmid,44.81717259077569,0,n/a
NZ_JBQSRZ010000002.1,plasmid,45.25714285714286,0,n/a
NZ_JBQSRZ010000004.1,plasmid,50.13517100360784,0,n/a
CP189121.1,chromosome,47.699968027868714,9,80.560
CP189122.1,chromosome,46.83282491928192,0,n/a
CP118727.1,chromosome,47.92565904347024,10,80.560
CP118728.1,chromosome,46.82204940052473,0,n/a
NZ_CP016324.1,chromosome,47.8400953455439,10,80.560
NZ_CP016325.1,chromosome,46.82725143407346,0,n/a
CP009991.1,chromosome,47.578870196171465,7,78.807
CP009989.1,plasmid,50.152085893278006,0,n/a
CP009990.1,plasmid,44.6318123468316,0,n/a
CP009988.1,plasmid,45.27575442247659,0,n/a
NZ_CM126288.1,chromosome,47.624006635239375,7,78.730
NZ_JBQSRA010000003.1,plasmid,44.81932832648434,0,n/a
NZ_JBQSRA010000002.1,plasmid,45.24722711723852,0,n/a
NZ_JBQSRA010000004.1,plasmid,50.143944976664216,0,n/a
CP188941.1,chromosome,47.70000823819095,9,80.560
CP188942.1,chromosome,46.835660472311105,0,n/a
CP188854.1,chromosome,47.699997155869156,9,80.560
CP188855.1,chromosome,46.829387193728934,0,n/a
CP188836.1,chromosome,47.689750327581635,9,80.560
CP188837.1,chromosome,46.82892379611617,0,n/a
CM126284.1,chromosome,47.623985144525136,7,78.730
JBQSRB010000003.1,plasmid,44.81399569014404,0,n/a
JBQSRB010000004.1,plasmid,45.25888958203368,0,n/a
JBQSRB010000002.1,plasmid,50.13855315134721,0,n/a
NZ_CP013311.1,chromosome,47.79499533279461,11,80.560
NZ_CP013312.1,chromosome,46.844032976846314,0,n/a
NZ_AP023383.1,chromosome,47.75898248972071,10,80.635
NZ_AP023384.1,chromosome,47.17155050012452,0,n/a
NZ_CP045640.1,chromosome,47.64695358657065,7,78.830
NZ_CP045638.1,plasmid,45.28989278650984,0,n/a
NZ_CP045636.1,plasmid,44.62714658807395,0,n/a
NZ_CP045637.1,plasmid,50.169447857624164,0,n/a
NZ_CP045639.1,plasmid,50.24271130593393,0,n/a
CP046844.1,chromosome,47.64875967652316,9,80.560
CP046845.1,chromosome,46.920986323280324,0,n/a
NZ_CP178025.1,chromosome,47.629906926633325,6,78.807
NZ_CP178027.1,plasmid,44.90234674931245,0,n/a
NZ_CP178026.1,plasmid,50.22447622214832,0,n/a
NZ_CP178028.1,plasmid,45.27575442247659,0,n/a
NZ_CM126302.1,chromosome,47.62278543730865,7,78.730
NZ_JBQSRS010000002.1,plasmid,44.81208976594508,0,n/a
NZ_JBQSRS010000004.1,plasmid,45.28223718280683,0,n/a
NZ_JBQSRS010000003.1,plasmid,50.13714252007983,0,n/a
NZ_CM126335.1,chromosome,47.623882178895535,7,78.730
NZ_JBQSSZ010000003.1,plasmid,44.81385428624066,0,n/a
NZ_JBQSSZ010000004.1,plasmid,45.262829835861204,0,n/a
NZ_JBQSSZ010000002.1,plasmid,50.13418002732751,0,n/a
NZ_CP077197.1,chromosome,47.97226639316593,10,80.577
NZ_CP077198.1,chromosome,46.5922993590414,0,n/a
NZ_AP014524.1,chromosome,47.73976317777738,7,80.635
NZ_AP014525.1,chromosome,46.8178830738967,0,n/a
CM126341.1,chromosome,47.62354591305542,7,78.730
JBQSTE010000004.1,plasmid,44.82005924791995,0,n/a
JBQSTE010000002.1,plasmid,45.27754763877382,0,n/a
JBQSTE010000003.1,plasmid,50.136119273899496,0,n/a
CP177848.1,chromosome,47.60714846723619,7,78.730
CP177849.1,plasmid,44.80288775829236,0,n/a
CP177851.1,plasmid,50.1884446516688,0,n/a
CP177850.1,plasmid,45.27575442247659,0,n/a
CM126261.1,chromosome,47.62482582571309,7,78.730
JBQSQD010000004.1,plasmid,44.83910398544545,0,n/a
JBQSQD010000002.1,plasmid,45.28831168831169,0,n/a
JBQSQD010000003.1,plasmid,50.238447453629476,0,n/a
CP142014.1,chromosome,47.94132630593697,10,80.560
CP142015.1,chromosome,46.880929892187645,0,n/a
CP177902.1,chromosome,47.64712843550806,7,78.730
CP177905.1,plasmid,44.635355892648775,0,n/a
CP177903.1,plasmid,50.15308691711149,0,n/a
CP177904.1,plasmid,45.27575442247659,0,n/a
NZ_CP046736.1,chromosome,47.6433405287642,10,80.635
NZ_CP046735.1,chromosome,47.071815769688705,0,n/a
CP189252.1,chromosome,47.68527745584228,9,80.560
CP189253.1,chromosome,46.83322796766806,0,n/a
CP001485.1,chromosome,47.51703717062317,7,80.560
CP001486.1,chromosome,46.74811186031447,0,n/a
NZ_CM126277.1,chromosome,47.62418958795766,7,78.730
NZ_JBQSQS010000003.1,plasmid,44.81580216102776,0,n/a
NZ_JBQSQS010000004.1,plasmid,45.273993969013205,0,n/a
NZ_JBQSQS010000002.1,plasmid,50.12969149145216,0,n/a
AP024553.1,chromosome,47.68150185668194,8,80.560
AP024554.1,chromosome,46.91354416596352,0,n/a
CP188949.1,chromosome,47.700019320563456,9,80.560
CP188950.1,chromosome,46.83348062769679,0,n/a
NZ_AP023369.1,chromosome,47.68207812243978,10,80.635
NZ_AP023370.1,chromosome,46.533205444413994,0,n/a
NZ_CP053798.1,chromosome,47.82236210170736,10,80.516
NZ_CP053799.1,chromosome,46.94561971359029,0,n/a
CP189029.1,chromosome,47.69728145389504,9,80.560
CP189030.1,chromosome,46.83307401809884,0,n/a
NZ_CM126341.1,chromosome,47.62354591305542,7,78.730
NZ_JBQSTE010000004.1,plasmid,44.82005924791995,0,n/a
NZ_JBQSTE010000002.1,plasmid,45.27754763877382,0,n/a
NZ_JBQSTE010000003.1,plasmid,50.136119273899496,0,n/a
CP013315.1,chromosome,47.83156114262076,10,80.560
CP013316.1,chromosome,46.90475415552714,0,n/a
NZ_CP177848.1,chromosome,47.60714846723619,7,78.730
NZ_CP177849.1,plasmid,44.80288775829236,0,n/a
NZ_CP177851.1,plasmid,50.1884446516688,0,n/a
NZ_CP177850.1,plasmid,45.27575442247659,0,n/a
CP189105.1,chromosome,47.701893301172625,9,80.560
CP189106.1,chromosome,46.83331848023052,0,n/a
CP045258.1,chromosome,47.646492098165766,7,78.730
CP045260.1,plasmid,44.63458946257985,0,n/a
CP045259.1,plasmid,50.168343499960386,0,n/a
CP045262.1,plasmid,45.27575442247659,0,n/a
CP045261.1,plasmid,50.2384597268017,0,n/a
CM126302.1,chromosome,47.62278543730865,7,78.730
JBQSRS010000002.1,plasmid,44.81208976594508,0,n/a
JBQSRS010000004.1,plasmid,45.28223718280683,0,n/a
JBQSRS010000003.1,plasmid,50.13714252007983,0,n/a
CP178025.1,chromosome,47.629906926633325,6,78.807
CP178027.1,plasmid,44.90234674931245,0,n/a
CP178026.1,plasmid,50.22447622214832,0,n/a
CP178028.1,plasmid,45.27575442247659,0,n/a
CM126335.1,chromosome,47.623882178895535,7,78.730
JBQSSZ010000003.1,plasmid,44.81385428624066,0,n/a
JBQSSZ010000004.1,plasmid,45.262829835861204,0,n/a
JBQSSZ010000002.1,plasmid,50.13418002732751,0,n/a
CP077197.1,chromosome,47.97226639316593,10,80.577
CP077198.1,chromosome,46.5922993590414,0,n/a
NZ_AP024553.1,chromosome,47.68150185668194,8,80.560
NZ_AP024554.1,chromosome,46.91354416596352,0,n/a
CP053798.1,chromosome,47.82236210170736,10,80.516
CP053799.1,chromosome,46.94561971359029,0,n/a
AP023369.1,chromosome,47.68207812243978,10,80.635
AP023370.1,chromosome,46.533205444413994,0,n/a
CM126277.1,chromosome,47.62418958795766,7,78.730
JBQSQS010000003.1,plasmid,44.81580216102776,0,n/a
JBQSQS010000004.1,plasmid,45.273993969013205,0,n/a
JBQSQS010000002.1,plasmid,50.12969149145216,0,n/a
CP189176.1,chromosome,47.68070562754436,8,80.560
CP189177.1,chromosome,46.8332832035529,0,n/a
CP188979.1,chromosome,47.699955441775344,9,80.560
CP188980.1,chromosome,46.833251486016174,0,n/a
NZ_CM126261.1,chromosome,47.62482582571309,7,78.730
NZ_JBQSQD010000004.1,plasmid,44.83910398544545,0,n/a
NZ_JBQSQD010000002.1,plasmid,45.28831168831169,0,n/a
NZ_JBQSQD010000003.1,plasmid,50.238447453629476,0,n/a
NZ_CP142014.1,chromosome,47.94132630593697,10,80.560
NZ_CP142015.1,chromosome,46.880929892187645,0,n/a
CP028894.1,chromosome,47.6511180082611,9,80.560
CP028895.1,chromosome,46.920889334008486,0,n/a
NZ_CP177902.1,chromosome,47.64712843550806,7,78.730
NZ_CP177905.1,plasmid,44.635355892648775,0,n/a
NZ_CP177903.1,plasmid,50.15308691711149,0,n/a
NZ_CP177904.1,plasmid,45.27575442247659,0,n/a
CM126276.1,chromosome,47.62401431594658,7,78.730
JBQSQR010000003.1,plasmid,44.82148168080556,0,n/a
JBQSQR010000002.1,plasmid,45.23191864688181,0,n/a
JBQSQR010000004.1,plasmid,50.13606845667914,0,n/a
NZ_AP024551.1,chromosome,47.67025526501332,11,80.499
NZ_AP024552.1,chromosome,47.01344140273419,0,n/a
CP053800.1,chromosome,47.89242247910778,10,80.635
CP053801.1,chromosome,46.998212666061995,0,n/a
NZ_CM126262.1,chromosome,47.62473583463232,7,78.730
NZ_JBQSQC010000002.1,plasmid,44.83430521974115,0,n/a
NZ_JBQSQC010000004.1,plasmid,45.28262676641729,0,n/a
NZ_JBQSQC010000003.1,plasmid,50.26167201709384,0,n/a
NZ_CP177910.1,chromosome,47.64650435979451,7,78.730
NZ_CP177913.1,plasmid,44.6348863669516,0,n/a
NZ_CP177912.1,plasmid,50.14061240142382,0,n/a
NZ_CP177911.1,plasmid,45.271043595879725,0,n/a
CP175806.1,chromosome,47.988531443882735,10,80.516
CP175807.1,chromosome,46.80684403708615,0,n/a
CP188975.1,chromosome,47.695037261236095,8,80.560
CP188976.1,chromosome,46.83320212995076,0,n/a
AP018677.1,chromosome,47.5010974747359,9,80.560
NZ_CP084339.1,chromosome,47.632912400136846,7,78.807
NZ_CP084340.1,plasmid,50.16984065678323,0,n/a
NZ_CP084341.1,plasmid,44.646384828131175,0,n/a
NZ_CP084342.1,plasmid,45.4555549386486,0,n/a
NZ_CM126340.1,chromosome,47.624676077137366,7,78.730
NZ_JBQSTD010000003.1,plasmid,44.82235732607741,0,n/a
NZ_JBQSTD010000004.1,plasmid,45.25812818115716,0,n/a
NZ_JBQSTD010000002.1,plasmid,50.13464373464374,0,n/a
NZ_CP177856.1,chromosome,47.604823843902814,7,78.730
NZ_CP177860.1,plasmid,44.80833960602747,0,n/a
NZ_CP177858.1,plasmid,49.06632324533162,0,n/a
NZ_CP177857.1,plasmid,50.16684985493469,0,n/a
NZ_CP177859.1,plasmid,45.27575442247659,0,n/a
CP189025.1,chromosome,47.6972688921347,9,80.560
CP189026.1,chromosome,46.832931827570675,0,n/a
CP009973.1,chromosome,47.58254273114566,6,78.807
CP009972.1,plasmid,44.83607140317189,0,n/a
CP009971.1,plasmid,50.22762706579358,0,n/a
CP178010.1,chromosome,47.59546388894486,6,78.730
CP178012.1,plasmid,44.629340644916645,0,n/a
CP178011.1,plasmid,50.15207976634102,0,n/a
NZ_CP166966.1,chromosome,47.61935280324538,6,78.807
NZ_CP166968.1,plasmid,44.832147937411094,0,n/a
NZ_CP166967.1,plasmid,50.22866645878806,0,n/a
NZ_CP166969.1,plasmid,45.26534859521332,0,n/a
CM126262.1,chromosome,47.62473583463232,7,78.730
JBQSQC010000002.1,plasmid,44.83430521974115,0,n/a
JBQSQC010000004.1,plasmid,45.28262676641729,0,n/a
JBQSQC010000003.1,plasmid,50.26167201709384,0,n/a
CP177910.1,chromosome,47.64650435979451,7,78.730
CP177913.1,plasmid,44.6348863669516,0,n/a
CP177912.1,plasmid,50.14061240142382,0,n/a
CP177911.1,plasmid,45.271043595879725,0,n/a
CP173750.1,chromosome,47.6596088843825,9,80.560
CP173748.1,chromosome,47.021554844808364,0,n/a
CP173749.1,plasmid,51.372217000423326,0,n/a
AP024551.1,chromosome,47.67025526501332,11,80.499
AP024552.1,chromosome,47.01344140273419,0,n/a
LT992486.1,chromosome,47.684572760050806,9,80.560
LT992487.1,chromosome,46.950072190174716,0,n/a
NZ_CP053800.1,chromosome,47.89242247910778,10,80.635
NZ_CP053801.1,chromosome,46.998212666061995,0,n/a
CP188955.1,chromosome,47.70013298828735,9,80.560
CP188956.1,chromosome,46.833344318512005,0,n/a
NZ_CM126276.1,chromosome,47.62401431594658,7,78.730
NZ_JBQSQR010000003.1,plasmid,44.82148168080556,0,n/a
NZ_JBQSQR010000002.1,plasmid,45.23191864688181,0,n/a
NZ_JBQSQR010000004.1,plasmid,50.13606845667914,0,n/a
CP189091.1,chromosome,47.47560625480274,9,80.560
CP160314.1,chromosome,47.68181296756327,8,80.560
CP160315.1,chromosome,47.05370981433495,0,n/a
NZ_CP137135.1,chromosome,47.76418133341936,10,80.560
NZ_CP137136.1,chromosome,46.91661919747495,0,n/a
CP160418.1,chromosome,47.68695795290749,8,80.606
CP160419.1,chromosome,47.01089314454993,0,n/a
NZ_CP178010.1,chromosome,47.59546388894486,6,78.730
NZ_CP178012.1,plasmid,44.629340644916645,0,n/a
NZ_CP178011.1,plasmid,50.15207976634102,0,n/a
AP014524.1,chromosome,47.73976317777738,7,80.635
AP014525.1,chromosome,46.8178830738967,0,n/a
CM126340.1,chromosome,47.624676077137366,7,78.730
JBQSTD010000003.1,plasmid,44.82235732607741,0,n/a
JBQSTD010000004.1,plasmid,45.25812818115716,0,n/a
JBQSTD010000002.1,plasmid,50.13464373464374,0,n/a
CP173265.1,chromosome,47.682325683551014,10,80.560
CP173266.1,chromosome,47.020074502915705,0,n/a
CP173267.1,plasmid,51.584729580722374,0,n/a
CP084339.1,chromosome,47.632912400136846,7,78.807
CP084340.1,plasmid,50.16984065678323,0,n/a
CP084341.1,plasmid,44.646384828131175,0,n/a
CP084342.1,plasmid,45.4555549386486,0,n/a
CP177856.1,chromosome,47.604823843902814,7,78.730
CP177860.1,plasmid,44.80833960602747,0,n/a
CP177858.1,plasmid,49.06632324533162,0,n/a
CP177857.1,plasmid,50.16684985493469,0,n/a
CP177859.1,plasmid,45.27575442247659,0,n/a
NZ_CP033696.1,chromosome,47.64931929047766,7,78.807
NZ_CP033694.1,plasmid,50.33461071128143,0,n/a
NZ_CP033695.1,plasmid,44.85136945307379,0,n/a
CP043554.1,chromosome,47.72285998489447,10,80.560
CP043556.1,chromosome,46.91858579305871,0,n/a
CP043555.1,plasmid,41.22533748701973,0,n/a
CP188840.1,chromosome,47.69990058625017,9,80.560
CP188841.1,chromosome,46.829387193728934,0,n/a
CP189077.1,chromosome,47.47560747597996,9,80.560
CP188850.1,chromosome,47.69998005838643,9,80.560
CP188851.1,chromosome,46.82929451420638,0,n/a
NZ_CP064124.1,chromosome,47.655650433541425,7,78.730
NZ_CM126289.1,chromosome,47.62263491076602,7,78.730
NZ_JBQSRF010000002.1,plasmid,44.81365447044981,0,n/a
NZ_JBQSRF010000004.1,plasmid,45.2606388513162,0,n/a
NZ_JBQSRF010000003.1,plasmid,50.12611516228126,0,n/a
CP189304.1,chromosome,47.702136373033134,9,80.560
CP189305.1,chromosome,46.93559868125281,0,n/a
CP189269.1,chromosome,47.47415696434633,9,80.560
CM126283.1,chromosome,47.62416595808478,7,78.730
JBQSQZ010000004.1,plasmid,44.81595396368687,0,n/a
JBQSQZ010000003.1,plasmid,45.270480739279414,0,n/a
JBQSQZ010000002.1,plasmid,50.13664425307696,0,n/a
NZ_CP009991.1,chromosome,47.578870196171465,7,78.807
NZ_CP009989.1,plasmid,50.152085893278006,0,n/a
NZ_CP009990.1,plasmid,44.6318123468316,0,n/a
NZ_CP009988.1,plasmid,45.27575442247659,0,n/a
CP189238.1,chromosome,47.70215197653496,9,80.560
CP189239.1,chromosome,46.83310929736875,0,n/a
CP171682.1,chromosome,47.71616619686226,10,80.560
CP171683.1,chromosome,46.782339126010186,0,n/a
NZ_AP023381.1,chromosome,48.08220834481814,10,80.635
NZ_AP023382.1,chromosome,46.95119101808118,0,n/a
NZ_CP047303.1,chromosome,47.705742045451146,9,80.560
NZ_CP047304.1,chromosome,46.92093803220891,0,n/a
NZ_LT897797.1,chromosome,47.789548933608536,10,80.574
NZ_LT897798.1,chromosome,46.84777896023019,0,n/a
CM126324.1,chromosome,47.62401051039447,7,78.730
JBQSSN010000002.1,plasmid,44.825241205389396,0,n/a
JBQSSN010000004.1,plasmid,45.2513966480447,0,n/a
JBQSSN010000003.1,plasmid,50.133645172068164,0,n/a
CP189119.1,chromosome,47.47431716950801,9,80.560
OW443147.1,chromosome,47.658029196840694,9,80.560
OW443148.1,chromosome,47.01991299739603,0,n/a
OW443149.1,plasmid,51.37076233183856,0,n/a
CP194674.1,chromosome,47.65910882159235,9,80.560
CP194675.1,chromosome,47.02197556913462,0,n/a
CP194676.1,plasmid,51.37076233183856,0,n/a
NZ_CM129959.1,chromosome,47.76887766267392,9,80.560
NZ_CM129960.1,chromosome,47.08983149494275,0,n/a
NZ_JBRUST010000003.1,plasmid,42.63311451495259,0,n/a
NZ_JBRUST010000004.1,plasmid,39.011246485473286,0,n/a
NZ_JBRUST010000005.1,plasmid,43.66799771819738,0,n/a
NZ_CP151599.1,chromosome,47.61609353084108,7,78.830
NZ_CP151601.1,plasmid,44.64311843375962,0,n/a
NZ_CP151600.1,plasmid,50.160029330453135,0,n/a
NZ_CP151602.1,plasmid,45.26436303080766,0,n/a
NZ_CP006758.1,chromosome,47.62881818934356,7,78.830
NZ_CP006757.1,plasmid,44.89071000041954,0,n/a
NZ_CP006756.1,plasmid,52.00639360056053,0,n/a
NZ_CM126308.1,chromosome,47.623117723767805,7,78.730
NZ_JBQSRY010000004.1,plasmid,44.81859410430839,0,n/a
NZ_JBQSRY010000002.1,plasmid,45.262829835861204,0,n/a
NZ_JBQSRY010000003.1,plasmid,50.13813920105399,0,n/a
NZ_CM126283.1,chromosome,47.62416595808478,7,78.730
NZ_JBQSQZ010000004.1,plasmid,44.81595396368687,0,n/a
NZ_JBQSQZ010000003.1,plasmid,45.270480739279414,0,n/a
NZ_JBQSQZ010000002.1,plasmid,50.13664425307696,0,n/a
NZ_CP171682.1,chromosome,47.71616619686226,10,80.560
NZ_CP171683.1,chromosome,46.782339126010186,0,n/a
AP023381.1,chromosome,48.08220834481814,10,80.635
AP023382.1,chromosome,46.95119101808118,0,n/a
CP188912.1,chromosome,47.47816257645185,9,80.560
CP189001.1,chromosome,47.695431246882684,9,80.560
CP189002.1,chromosome,46.83307401809884,0,n/a
CP160414.1,chromosome,47.67853428970801,8,80.560
CP160415.1,chromosome,47.01568566178654,0,n/a
CP064124.1,chromosome,47.655650433541425,7,78.730
CM126289.1,chromosome,47.62263491076602,7,78.730
JBQSRF010000002.1,plasmid,44.81365447044981,0,n/a
JBQSRF010000004.1,plasmid,45.2606388513162,0,n/a
JBQSRF010000003.1,plasmid,50.12611516228126,0,n/a
CM129959.1,chromosome,47.76887766267392,9,80.560
CM129960.1,chromosome,47.08983149494275,0,n/a
JBRUST010000003.1,plasmid,42.63311451495259,0,n/a
JBRUST010000004.1,plasmid,39.011246485473286,0,n/a
JBRUST010000005.1,plasmid,43.66799771819738,0,n/a
CM126308.1,chromosome,47.623117723767805,7,78.730
JBQSRY010000004.1,plasmid,44.81859410430839,0,n/a
JBQSRY010000002.1,plasmid,45.262829835861204,0,n/a
JBQSRY010000003.1,plasmid,50.13813920105399,0,n/a
NZ_CP036499.1,chromosome,47.74951229293691,10,80.516
NZ_CP036500.1,chromosome,47.071209594040106,0,n/a
CP189279.1,chromosome,47.70174986392564,9,80.560
CP189280.1,chromosome,46.93526799721639,0,n/a
CP151623.1,chromosome,47.581940893477444,7,78.830
CP151625.1,plasmid,44.642308423932924,0,n/a
CP151624.1,plasmid,50.16201753951345,0,n/a
CP151626.1,plasmid,45.27575442247659,0,n/a
CP189135.1,chromosome,47.474147929138574,9,80.560
NZ_CP009492.1,chromosome,47.63296718353924,6,78.830
NZ_CP009491.1,plasmid,44.832688367857955,0,n/a
NZ_CP009490.1,plasmid,50.22869973803484,0,n/a
NZ_CP009489.1,plasmid,45.27575442247659,0,n/a
NZ_CP194674.1,chromosome,47.65910882159235,9,80.560
NZ_CP194675.1,chromosome,47.02197556913462,0,n/a
NZ_CP194676.1,plasmid,51.37076233183856,0,n/a
NZ_CM126324.1,chromosome,47.62401051039447,7,78.730
NZ_JBQSSN010000002.1,plasmid,44.825241205389396,0,n/a
NZ_JBQSSN010000004.1,plasmid,45.2513966480447,0,n/a
NZ_JBQSSN010000003.1,plasmid,50.133645172068164,0,n/a
CP047303.1,chromosome,47.705742045451146,9,80.560
CP047304.1,chromosome,46.92093803220891,0,n/a
CP177798.1,chromosome,47.66321260415787,7,78.730
CP177801.1,plasmid,44.81196386979492,0,n/a
CP177800.1,plasmid,50.16635310426775,0,n/a
CP177799.1,plasmid,45.27575442247659,0,n/a
CM129945.1,chromosome,47.85231495446997,10,80.560
CM129946.1,chromosome,45.72447867664282,0,n/a
JBRUTA010000003.1,plasmid,43.37474120082816,0,n/a
CP045719.1,chromosome,47.78600249164769,8,80.635
CP045718.1,chromosome,46.8931864214681,0,n/a
CP045158.1,chromosome,47.68511065260278,7,78.730
CP045160.1,plasmid,44.822206147256146,0,n/a
CP045162.1,plasmid,38.388888888888886,0,n/a
CP045159.1,plasmid,50.14061240142382,0,n/a
CP045161.1,plasmid,45.271043595879725,0,n/a
NZ_CM129957.1,chromosome,47.63824463313603,10,80.560
NZ_CM129958.1,chromosome,47.065820291330304,0,n/a
NZ_JBRUSU010000003.1,plasmid,42.10082853531807,0,n/a
NZ_JBRUSU010000004.1,plasmid,40.33771106941838,0,n/a
NZ_JBRUSU010000005.1,plasmid,45.571302037201065,0,n/a
NZ_JBRUSU010000006.1,plasmid,43.81280505311513,0,n/a
CM177084.1,chromosome,48.0570585169577,10,80.560
CM177085.1,chromosome,46.68283191434723,0,n/a
CP171676.1,chromosome,47.723139637672666,10,80.560
CP171677.1,chromosome,46.809226254865564,0,n/a
NZ_CP178061.1,chromosome,47.63551802262692,7,78.730
NZ_CP178063.1,plasmid,44.64604489186737,0,n/a
NZ_CP178064.1,plasmid,50.168343499960386,0,n/a
NZ_CP178062.1,plasmid,45.27575442247659,0,n/a
NZ_CP053813.1,chromosome,47.80747848653865,10,80.560
NZ_CP053814.1,chromosome,46.57144877324472,0,n/a
NZ_CP053815.1,plasmid,42.21175211513927,0,n/a
NZ_CP009844.1,chromosome,47.63376439658737,6,78.807
NZ_CP009842.1,plasmid,44.83607140317189,0,n/a
NZ_CP009843.1,plasmid,48.200617572751945,0,n/a
AP023375.1,chromosome,47.872530904341914,10,80.516
AP023376.1,chromosome,46.662543252516244,0,n/a
CP189188.1,chromosome,47.702025645462484,9,80.560
CP189189.1,chromosome,46.83347474856249,0,n/a
CP188933.1,chromosome,47.70000523060426,9,80.560
CP188934.1,chromosome,46.84003668038771,0,n/a
CP189320.1,chromosome,47.68530705509916,9,80.560
CP189321.1,chromosome,46.800923283206885,0,n/a
CP188844.1,chromosome,47.70001124576976,9,80.560
CP188845.1,chromosome,46.829387193728934,0,n/a
NZ_CP171670.1,chromosome,47.71515804657531,9,80.560
NZ_CP171671.1,chromosome,46.91996014489032,0,n/a
CP177942.1,chromosome,47.64714632815987,7,78.730
CP177945.1,plasmid,44.6348863669516,0,n/a
CP177943.1,plasmid,50.14061240142382,0,n/a
CP177944.1,plasmid,45.2606388513162,0,n/a
CM126349.1,chromosome,47.623651994040834,7,78.730
JBQSTL010000003.1,plasmid,44.811454493904165,0,n/a
JBQSTL010000004.1,plasmid,45.25812818115716,0,n/a
JBQSTL010000002.1,plasmid,50.134617274245855,0,n/a
NZ_CP196689.1,chromosome,47.63895489388727,7,78.730
NZ_CP196691.1,plasmid,44.64100200459447,0,n/a
NZ_CP196690.1,plasmid,50.16201753951345,0,n/a
NZ_CP196692.1,plasmid,45.27575442247659,0,n/a
CP053813.1,chromosome,47.80747848653865,10,80.560
CP053814.1,chromosome,46.57144877324472,0,n/a
CP053815.1,plasmid,42.21175211513927,0,n/a
CP189206.1,chromosome,47.701768474284094,9,80.560
CP189207.1,chromosome,46.82817648067397,0,n/a
CM129957.1,chromosome,47.63824463313603,10,80.560
CM129958.1,chromosome,47.065820291330304,0,n/a
JBRUSU010000003.1,plasmid,42.10082853531807,0,n/a
JBRUSU010000004.1,plasmid,40.33771106941838,0,n/a
JBRUSU010000005.1,plasmid,45.571302037201065,0,n/a
JBRUSU010000006.1,plasmid,43.81280505311513,0,n/a
NZ_CM177084.1,chromosome,48.0570585169577,10,80.560
NZ_CM177085.1,chromosome,46.68283191434723,0,n/a
CP178061.1,chromosome,47.63551802262692,7,78.730
CP178063.1,plasmid,44.64604489186737,0,n/a
CP178064.1,plasmid,50.168343499960386,0,n/a
CP178062.1,plasmid,45.27575442247659,0,n/a
NZ_CP171676.1,chromosome,47.723139637672666,10,80.560
NZ_CP171677.1,chromosome,46.809226254865564,0,n/a
CP189011.1,chromosome,47.699985125444805,9,80.560
CP189012.1,chromosome,46.833395996082416,0,n/a
NZ_CP177798.1,chromosome,47.66321260415787,7,78.730
NZ_CP177801.1,plasmid,44.81196386979492,0,n/a
NZ_CP177800.1,plasmid,50.16635310426775,0,n/a
NZ_CP177799.1,plasmid,45.27575442247659,0,n/a
NZ_CM129945.1,chromosome,47.85231495446997,10,80.560
NZ_CM129946.1,chromosome,45.72447867664282,0,n/a
NZ_JBRUTA010000003.1,plasmid,43.37474120082816,0,n/a
CP002555.1,chromosome,48.13758785326226,9,80.682
CP002556.1,chromosome,47.554134908013424,0,n/a
CP196689.1,chromosome,47.63895489388727,7,78.730
CP196691.1,plasmid,44.64100200459447,0,n/a
CP196690.1,plasmid,50.16201753951345,0,n/a
CP196692.1,plasmid,45.27575442247659,0,n/a
CP188997.1,chromosome,47.69992425433674,9,80.560
CP188998.1,chromosome,46.833216208363,0,n/a
NZ_CP177942.1,chromosome,47.64714632815987,7,78.730
NZ_CP177945.1,plasmid,44.6348863669516,0,n/a
NZ_CP177943.1,plasmid,50.14061240142382,0,n/a
NZ_CP177944.1,plasmid,45.2606388513162,0,n/a
CP007634.1,chromosome,47.74691527399833,9,80.560
CP007635.1,chromosome,47.018805536756275,0,n/a
CP007636.1,plasmid,52.36298851536765,0,n/a
NZ_CP010811.1,chromosome,47.76908005051476,10,80.560
NZ_CM126349.1,chromosome,47.623651994040834,7,78.730
NZ_JBQSTL010000003.1,plasmid,44.811454493904165,0,n/a
NZ_JBQSTL010000004.1,plasmid,45.25812818115716,0,n/a
NZ_JBQSTL010000002.1,plasmid,50.134617274245855,0,n/a
CP171670.1,chromosome,47.71515804657531,9,80.560
CP171671.1,chromosome,46.91996014489032,0,n/a
NZ_AP023375.1,chromosome,47.872530904341914,10,80.516
NZ_AP023376.1,chromosome,46.662543252516244,0,n/a
NZ_CP166972.1,chromosome,47.90134641713795,10,80.516
NZ_CP166973.1,chromosome,46.85049661418182,0,n/a
NZ_CP177474.1,chromosome,47.63620483994661,7,78.830
NZ_CP177476.1,plasmid,44.643771674397506,0,n/a
NZ_CP177475.1,plasmid,50.177352529136485,0,n/a
NZ_CP177477.1,plasmid,45.27575442247659,0,n/a
NZ_CP084336.1,chromosome,47.63630543982737,7,78.807
NZ_CP084337.1,plasmid,49.8090670251115,0,n/a
NZ_CP084338.1,plasmid,44.64769151971903,0,n/a
CP020408.2,chromosome,47.69991619407284,9,80.560
CP020407.2,chromosome,46.914517416572785,0,n/a
CP189137.1,chromosome,47.474191398172344,9,80.560
CM126300.1,chromosome,47.6238503427555,7,78.730
JBQSRQ010000004.1,plasmid,44.81467827467884,0,n/a
JBQSRQ010000002.1,plasmid,45.26359571591973,0,n/a
JBQSRQ010000003.1,plasmid,50.13269639065817,0,n/a
CP024162.1,chromosome,47.71091479533819,8,80.560
CP024163.1,chromosome,46.91892215054246,0,n/a
CP053802.1,chromosome,48.07321520705082,10,80.560
CP053803.1,chromosome,46.308920805283776,0,n/a
CP160476.1,chromosome,47.6768572936852,8,80.560
CP160477.1,chromosome,47.07920164477492,0,n/a
NZ_CP095331.1,chromosome,47.835437870742176,10,80.635
NZ_CP095332.1,chromosome,46.54432522136655,0,n/a
CP188888.1,chromosome,47.69998005838643,9,80.560
CP188889.1,chromosome,46.82925111308003,0,n/a
NZ_CM126263.1,chromosome,47.62480358324228,7,78.730
NZ_JBQSQE010000004.1,plasmid,44.83268416114633,0,n/a
NZ_JBQSQE010000002.1,plasmid,45.31023033824445,0,n/a
NZ_JBQSQE010000003.1,plasmid,50.229122919532855,0,n/a
CP010023.1,chromosome,47.64839419575229,7,78.730
CP010022.1,plasmid,44.85599053713178,0,n/a
CP010021.1,plasmid,50.33647375504711,0,n/a
CP010020.1,plasmid,45.26337705600667,0,n/a
CP171664.1,chromosome,47.687570444219794,8,80.560
CP171665.1,chromosome,46.98140537786103,0,n/a
NZ_CP177918.1,chromosome,47.64706300912273,7,78.730
NZ_CP177921.1,plasmid,44.63780377512618,0,n/a
NZ_CP177920.1,plasmid,50.14159570493029,0,n/a
NZ_CP177919.1,plasmid,45.271043595879725,0,n/a
NZ_CM126300.1,chromosome,47.6238503427555,7,78.730
NZ_JBQSRQ010000004.1,plasmid,44.81467827467884,0,n/a
NZ_JBQSRQ010000002.1,plasmid,45.26359571591973,0,n/a
NZ_JBQSRQ010000003.1,plasmid,50.13269639065817,0,n/a
CP189364.1,chromosome,47.68529452059263,9,80.560
CP189365.1,chromosome,46.7688149878613,0,n/a
CP177474.1,chromosome,47.63620483994661,7,78.830
CP177476.1,plasmid,44.643771674397506,0,n/a
CP177475.1,plasmid,50.177352529136485,0,n/a
CP177477.1,plasmid,45.27575442247659,0,n/a
CP166972.1,chromosome,47.90134641713795,10,80.516
CP166973.1,chromosome,46.85049661418182,0,n/a
CP084336.1,chromosome,47.63630543982737,7,78.807
CP084337.1,plasmid,49.8090670251115,0,n/a
CP084338.1,plasmid,44.64769151971903,0,n/a
NZ_CP013317.1,chromosome,47.76300775403885,8,80.560
NZ_CP013318.1,chromosome,46.78654913944875,0,n/a
AKGH01000001.1,chromosome,47.6770918273404,7,80.560
AKGH01000002.1,chromosome,47.01983467918981,0,n/a
CP043557.1,chromosome,47.28394737682631,9,80.606
CP043558.1,chromosome,46.25906064640072,0,n/a
CM126263.1,chromosome,47.62480358324228,7,78.730
JBQSQE010000004.1,plasmid,44.83268416114633,0,n/a
JBQSQE010000002.1,plasmid,45.31023033824445,0,n/a
JBQSQE010000003.1,plasmid,50.229122919532855,0,n/a
CP189360.1,chromosome,47.68539086877923,9,80.560
CP189361.1,chromosome,46.76880906748948,0,n/a
NZ_CP171664.1,chromosome,47.687570444219794,8,80.560
NZ_CP171665.1,chromosome,46.98140537786103,0,n/a
CP177918.1,chromosome,47.64706300912273,7,78.730
CP177921.1,plasmid,44.63780377512618,0,n/a
CP177920.1,plasmid,50.14159570493029,0,n/a
CP177919.1,plasmid,45.271043595879725,0,n/a
CP095331.1,chromosome,47.835437870742176,10,80.635
CP095332.1,chromosome,46.54432522136655,0,n/a
CP160316.1,chromosome,47.672061010399794,8,80.560
CP160317.1,chromosome,47.060372950609874,0,n/a
CP188872.1,chromosome,47.699995652073,9,80.560
CP188873.1,chromosome,46.82943059502162,0,n/a
CP188959.1,chromosome,47.699939848050946,9,80.560
CP188960.1,chromosome,46.83329496253277,0,n/a
NZ_CP053802.1,chromosome,48.07321520705082,10,80.560
NZ_CP053803.1,chromosome,46.308920805283776,0,n/a
CP188929.1,chromosome,47.69994435955626,9,80.560
CP188930.1,chromosome,46.83994367737627,0,n/a
CP188866.1,chromosome,47.69543856063896,8,80.560
CP188867.1,chromosome,46.829387193728934,0,n/a
CM126287.1,chromosome,47.62322489819025,7,78.730
JBQSRE010000002.1,plasmid,44.8188878181509,0,n/a
JBQSRE010000003.1,plasmid,45.2513966480447,0,n/a
JBQSRE010000004.1,plasmid,50.12721146573149,0,n/a
CP177938.1,chromosome,47.646558278734936,7,78.730
CP177941.1,plasmid,44.63780377512618,0,n/a
CP177939.1,plasmid,50.14061240142382,0,n/a
CP177940.1,plasmid,45.271043595879725,0,n/a
CP033515.1,chromosome,47.665603663313114,9,80.560
CP033513.1,chromosome,47.019097993683374,0,n/a
CP033514.1,plasmid,51.9114934033254,0,n/a
NZ_CP046742.1,chromosome,47.86855453627681,10,80.560
NZ_CP046741.1,chromosome,46.472258518444065,0,n/a
CP177829.1,chromosome,47.60661492544135,7,78.730
CP177831.1,plasmid,44.80975983866157,0,n/a
CP177832.1,plasmid,49.06632324533162,0,n/a
CP177833.1,plasmid,50.16684985493469,0,n/a
CP177830.1,plasmid,45.27575442247659,0,n/a
CP184803.1,chromosome,47.75323334156233,10,80.560
CP184804.1,chromosome,46.878132225565146,0,n/a
CM129943.1,chromosome,48.04362795941607,10,80.560
CM129944.1,chromosome,46.69288041220463,0,n/a
CP137095.1,chromosome,47.9460032014934,10,80.560
CP137096.1,chromosome,46.72028028786321,0,n/a
CP189099.1,chromosome,47.47544964637816,9,80.560
NZ_CM129951.1,chromosome,47.87626880209247,10,80.560
NZ_CM129952.1,chromosome,46.67141421976932,0,n/a
NZ_CM126312.1,chromosome,47.623448742114135,7,78.730
NZ_JBQSSC010000002.1,plasmid,44.81541340592038,0,n/a
NZ_JBQSSC010000004.1,plasmid,45.28223718280683,0,n/a
NZ_JBQSSC010000003.1,plasmid,50.135107250592014,0,n/a
NZ_CP178069.1,chromosome,47.62588610458727,7,78.730
NZ_CP178073.1,plasmid,44.639538796950674,0,n/a
NZ_CP178072.1,plasmid,50.1693337558425,0,n/a
NZ_CP178071.1,plasmid,45.27575442247659,0,n/a
NZ_CP178070.1,plasmid,50.24124742571344,0,n/a
NZ_CP053820.1,chromosome,47.78441542480664,10,80.635
NZ_CP053821.1,chromosome,46.587857557334736,0,n/a
CP188985.1,chromosome,47.69970293543725,9,80.560
CP188986.1,chromosome,46.83348062769679,0,n/a
CP189144.1,chromosome,47.69800145138876,9,80.560
CP189145.1,chromosome,46.83320212995076,0,n/a
NZ_CP177938.1,chromosome,47.646558278734936,7,78.730
NZ_CP177941.1,plasmid,44.63780377512618,0,n/a
NZ_CP177939.1,plasmid,50.14061240142382,0,n/a
NZ_CP177940.1,plasmid,45.271043595879725,0,n/a
NZ_CM126287.1,chromosome,47.62322489819025,7,78.730
NZ_JBQSRE010000002.1,plasmid,44.8188878181509,0,n/a
NZ_JBQSRE010000003.1,plasmid,45.2513966480447,0,n/a
NZ_JBQSRE010000004.1,plasmid,50.12721146573149,0,n/a
NZ_CP046737.1,chromosome,47.99643437498374,10,80.560
NZ_CP046738.1,chromosome,46.76143367335276,0,n/a
CP053820.1,chromosome,47.78441542480664,10,80.635
CP053821.1,chromosome,46.587857557334736,0,n/a
CM129951.1,chromosome,47.87626880209247,10,80.560
CM129952.1,chromosome,46.67141421976932,0,n/a
CP189236.1,chromosome,47.702072455813365,9,80.560
CP189237.1,chromosome,46.83338779511478,0,n/a
CM126312.1,chromosome,47.623448742114135,7,78.730
JBQSSC010000002.1,plasmid,44.81541340592038,0,n/a
JBQSSC010000004.1,plasmid,45.28223718280683,0,n/a
JBQSSC010000003.1,plasmid,50.135107250592014,0,n/a
CP178069.1,chromosome,47.62588610458727,7,78.730
CP178073.1,plasmid,44.639538796950674,0,n/a
CP178072.1,plasmid,50.1693337558425,0,n/a
CP178071.1,plasmid,45.27575442247659,0,n/a
CP178070.1,plasmid,50.24124742571344,0,n/a
CP189015.1,chromosome,47.69481295030376,9,80.560
CP189016.1,chromosome,46.83307401809884,0,n/a
NZ_CP177829.1,chromosome,47.60661492544135,7,78.730
NZ_CP177831.1,plasmid,44.80975983866157,0,n/a
NZ_CP177832.1,plasmid,49.06632324533162,0,n/a
NZ_CP177833.1,plasmid,50.16684985493469,0,n/a
NZ_CP177830.1,plasmid,45.27575442247659,0,n/a
CP013305.1,chromosome,47.718181854557436,9,80.560
CP013306.1,chromosome,46.809446717455664,0,n/a
NZ_CP184803.1,chromosome,47.75323334156233,10,80.560
NZ_CP184804.1,chromosome,46.878132225565146,0,n/a
NZ_CM129943.1,chromosome,48.04362795941607,10,80.560
NZ_CM129944.1,chromosome,46.69288041220463,0,n/a
CP189218.1,chromosome,47.70123955384469,9,80.560
CP189219.1,chromosome,46.83250399197891,0,n/a
CP189300.1,chromosome,47.70175644614131,9,80.560
CP189301.1,chromosome,46.934425047228615,0,n/a
AP023331.1,chromosome,47.99023756623751,8,80.635
AP023332.1,chromosome,46.86759529446964,0,n/a
CP033699.1,chromosome,47.70258764322258,7,78.730
CP033697.1,plasmid,44.832147937411094,0,n/a
CP033698.1,plasmid,45.274771024146546,0,n/a
CP033700.1,plasmid,49.26739375705152,0,n/a
NZ_OW443150.1,chromosome,47.72182571820566,10,80.560
NZ_OW443151.1,chromosome,47.4575759140925,0,n/a
CP188900.1,chromosome,47.476445210888706,9,80.560
CP160318.1,chromosome,47.67491430206551,8,80.560
CP160319.1,chromosome,47.05766837820658,0,n/a
CP010247.1,chromosome,47.64014528024641,7,78.807
CP010246.1,plasmid,44.889199580566235,0,n/a
CP010248.1,plasmid,52.07649993790589,0,n/a
NZ_CM126280.1,chromosome,47.62363318913445,7,78.730
NZ_JBQSQW010000004.1,plasmid,44.81976875991839,0,n/a
NZ_JBQSQW010000003.1,plasmid,45.2685156331152,0,n/a
NZ_JBQSQW010000002.1,plasmid,50.13656907054431,0,n/a
CP080462.1,chromosome,47.61710804658662,10,80.560
CP080463.1,chromosome,47.21444419639806,0,n/a
CP080464.1,plasmid,54.35025589740573,0,n/a
CP189110.1,chromosome,47.68009668251897,8,80.560
CP189111.1,chromosome,46.83317148888844,0,n/a
CP189041.1,chromosome,47.70083958431914,9,80.560
CP189042.1,chromosome,46.97777219688265,0,n/a
NZ_CP009935.1,chromosome,47.59886409527241,7,78.730
NZ_CP009937.1,plasmid,44.64144302683678,0,n/a
NZ_CP009934.1,plasmid,50.930237436026516,0,n/a
NZ_CP009936.1,plasmid,45.05494505494506,0,n/a
NZ_CM126321.1,chromosome,47.62402864807774,7,78.730
NZ_JBQSSL010000004.1,plasmid,44.82201564448475,0,n/a
NZ_JBQSSL010000003.1,plasmid,45.244029075804775,0,n/a
NZ_JBQSSL010000002.1,plasmid,50.13506212857914,0,n/a
AL590842.1,chromosome,47.63611023248458,6,78.730
AL117189.1,plasmid,44.83607140317189,0,n/a
AL117211.1,plasmid,50.22762706579358,0,n/a
AL109969.1,plasmid,45.26633374947981,0,n/a
CM165271.1,chromosome,47.6870866171134,9,80.560
CM165272.1,chromosome,47.018438378705476,0,n/a
CP178049.1,chromosome,47.63600435658034,7,78.730
CP178052.1,plasmid,44.647508120921245,0,n/a
CP178051.1,plasmid,50.1693337558425,0,n/a
CP178050.1,plasmid,45.21420092802417,0,n/a
NZ_CP171660.1,chromosome,47.69583595344661,9,80.560
NZ_CP171661.1,chromosome,46.926933441045406,0,n/a
CP053555.1,chromosome,47.44768789525753,9,79.211
CP053556.1,chromosome,46.403246506492295,0,n/a
CM126280.1,chromosome,47.62363318913445,7,78.730
JBQSQW010000004.1,plasmid,44.81976875991839,0,n/a
JBQSQW010000003.1,plasmid,45.2685156331152,0,n/a
JBQSQW010000002.1,plasmid,50.13656907054431,0,n/a
CP189270.1,chromosome,47.47419506219224,9,80.560
CP000668.1,chromosome,47.64393686999775,7,78.830
CP000669.1,plasmid,44.889311535933544,0,n/a
CP000670.1,plasmid,52.00569301510839,0,n/a
LT907989.1,chromosome,47.69585253456221,8,80.560
LT907990.1,chromosome,46.91458418623562,0,n/a
NZ_CP006792.1,chromosome,47.57871235867353,6,78.753
NZ_CP006791.1,plasmid,44.81619107051682,0,n/a
NZ_CP006790.1,plasmid,50.16636298819614,0,n/a
NZ_CP006793.1,plasmid,45.28046622957644,0,n/a
CP019708.1,chromosome,47.64212229720572,6,78.807
CP019710.1,plasmid,45.090809973316496,0,n/a
CP019709.1,plasmid,50.22973928229864,0,n/a
CP019711.1,plasmid,45.288912024986985,0,n/a
CP188876.1,chromosome,47.70005446327521,9,80.560
CP188877.1,chromosome,46.829387193728934,0,n/a
NZ_AP023331.1,chromosome,47.99023756623751,8,80.635
NZ_AP023332.1,chromosome,46.86759529446964,0,n/a
CP189093.1,chromosome,47.47545208888235,9,80.560
NZ_CP178049.1,chromosome,47.63600435658034,7,78.730
NZ_CP178052.1,plasmid,44.647508120921245,0,n/a
NZ_CP178051.1,plasmid,50.1693337558425,0,n/a
NZ_CP178050.1,plasmid,45.21420092802417,0,n/a
CP171660.1,chromosome,47.69583595344661,9,80.560
CP171661.1,chromosome,46.926933441045406,0,n/a
CP189150.1,chromosome,47.69809638004367,9,80.560
CP189151.1,chromosome,46.833016464786745,0,n/a
CP009723.1,chromosome,47.62139099866295,6,78.807
CP009721.1,plasmid,44.837493777114,0,n/a
CP009722.1,plasmid,50.230745244777054,0,n/a
CP009724.1,plasmid,44.89534387014096,0,n/a
CM126321.1,chromosome,47.62402864807774,7,78.730
JBQSSL010000004.1,plasmid,44.82201564448475,0,n/a
JBQSSL010000003.1,plasmid,45.244029075804775,0,n/a
JBQSSL010000002.1,plasmid,50.13506212857914,0,n/a
NZ_CM165271.1,chromosome,47.6870866171134,9,80.560
NZ_CM165272.1,chromosome,47.018438378705476,0,n/a
NZ_CP080462.1,chromosome,47.61710804658662,10,80.560
NZ_CP080463.1,chromosome,47.21444419639806,0,n/a
NZ_CP080464.1,plasmid,54.35025589740573,0,n/a
CP189234.1,chromosome,47.70207095249684,9,80.560
CP189235.1,chromosome,46.83329496253277,0,n/a
CP189100.1,chromosome,47.47703722717708,9,80.560
CP013301.1,chromosome,47.72102616818999,9,80.560
CP013302.1,chromosome,46.775084709131406,0,n/a
NZ_CM126339.1,chromosome,47.62459873374647,7,78.730
NZ_JBQSTB010000004.1,plasmid,44.82216239195125,0,n/a
NZ_JBQSTB010000003.1,plasmid,45.27754763877382,0,n/a
NZ_JBQSTB010000002.1,plasmid,50.13467285309846,0,n/a
NZ_CP177866.1,chromosome,47.602193127166956,7,78.730
NZ_CP177868.1,plasmid,44.80573004007618,0,n/a
NZ_CP177869.1,plasmid,50.1884446516688,0,n/a
NZ_CP177867.1,plasmid,45.27575442247659,0,n/a
NZ_CP042299.1,chromosome,47.80578100430664,10,80.711
NZ_CP042300.1,chromosome,47.0806907791493,0,n/a
CP189037.1,chromosome,47.701233757083145,9,80.560
CP189038.1,chromosome,46.977910964077466,0,n/a
NZ_CP155628.1,chromosome,47.635270493673616,7,78.807
NZ_CP155631.1,plasmid,44.642778761320905,0,n/a
NZ_CP155629.1,plasmid,50.20309660247688,0,n/a
NZ_CP155630.1,plasmid,47.30118089664542,0,n/a
CP063420.1,chromosome,47.78579591020423,9,80.560
CP063421.1,chromosome,47.10970762467226,0,n/a
CP063422.1,plasmid,42.224573069366784,0,n/a
CP063423.1,plasmid,38.98781630740394,0,n/a
CP189230.1,chromosome,47.702120769541516,9,80.560
CP189231.1,chromosome,46.83329496253277,0,n/a
CP178037.1,chromosome,47.581992489499626,7,78.830
CP178039.1,plasmid,44.64262199136733,0,n/a
CP178038.1,plasmid,50.16735324407827,0,n/a
CP178040.1,plasmid,45.27575442247659,0,n/a
CM126333.1,chromosome,47.62430814792308,7,78.730
JBQSSY010000004.1,plasmid,44.8162478563431,0,n/a
JBQSSY010000002.1,plasmid,45.27754763877382,0,n/a
JBQSSY010000003.1,plasmid,50.13315513801948,0,n/a
CP045145.1,chromosome,47.63098679177289,7,78.730
CP045147.1,plasmid,44.83450208383711,0,n/a
CP045146.1,plasmid,50.16884698798761,0,n/a
CP045148.1,plasmid,45.27575442247659,0,n/a
NZ_CP154821.1,chromosome,47.636915829630965,7,78.807
NZ_CP154823.1,plasmid,44.643928419882066,0,n/a
NZ_CP154822.1,plasmid,50.16300847247683,0,n/a
NZ_CP154824.1,plasmid,45.27575442247659,0,n/a
CP090399.1,chromosome,47.65934642006885,9,80.560
CP090400.1,chromosome,47.01805478006134,0,n/a
NZ_CP184807.1,chromosome,47.21467684421769,0,n/a
NZ_CP184808.1,chromosome,47.72948369666318,10,80.591
CP009785.1,chromosome,47.63234614785779,6,78.807
CP009783.1,plasmid,44.83607140317189,0,n/a
CP009784.1,plasmid,50.199647135295756,0,n/a
CP009782.1,plasmid,44.04907975460123,0,n/a
CP013307.1,chromosome,47.84341296225026,10,80.560
CP013308.1,chromosome,46.80786412680863,0,n/a
CM126275.1,chromosome,47.6243193463075,7,78.730
JBQSQQ010000004.1,plasmid,44.81645139360979,0,n/a
JBQSQQ010000002.1,plasmid,45.25221008840354,0,n/a
JBQSQQ010000003.1,plasmid,50.13152470505094,0,n/a
CP189213.1,chromosome,47.47423682393423,9,80.560
CP161833.1,chromosome,47.66911516190093,9,80.560
CP161834.1,chromosome,47.064504910447646,0,n/a
CP053794.1,chromosome,47.74883719703493,10,80.516
CP053795.1,chromosome,47.19832592550835,0,n/a
NZ_CP063303.2,chromosome,47.641225700348045,7,78.807
NZ_CM126259.1,chromosome,47.62488754463719,7,78.730
NZ_JBQSQA010000004.1,plasmid,44.83386177185674,0,n/a
NZ_JBQSQA010000003.1,plasmid,45.265014002696816,0,n/a
NZ_JBQSQA010000002.1,plasmid,50.24384699634229,0,n/a
NZ_CP177882.1,chromosome,47.592324518331544,7,78.730
NZ_CP177885.1,plasmid,44.8224012709941,0,n/a
NZ_CP177884.1,plasmid,50.16585964808048,0,n/a
NZ_CP177883.1,plasmid,45.271043595879725,0,n/a
CP188902.1,chromosome,47.697536557996344,9,80.560
CP188903.1,chromosome,46.84621535603012,0,n/a
NZ_CP046740.1,chromosome,47.56637689045622,10,80.635
NZ_CP046739.1,chromosome,47.08980969692473,0,n/a
NZ_CP090399.1,chromosome,47.65934642006885,9,80.560
NZ_CP090400.1,chromosome,47.01805478006134,0,n/a
NZ_CP178037.1,chromosome,47.581992489499626,7,78.830
NZ_CP178039.1,plasmid,44.64262199136733,0,n/a
NZ_CP178038.1,plasmid,50.16735324407827,0,n/a
NZ_CP178040.1,plasmid,45.27575442247659,0,n/a
NZ_CP151619.1,chromosome,47.59357683379157,7,78.830
NZ_CP151621.1,plasmid,44.64311843375962,0,n/a
NZ_CP151620.1,plasmid,50.160542276132716,0,n/a
NZ_CP151622.1,plasmid,45.270059319388075,0,n/a
NZ_CM126333.1,chromosome,47.62430814792308,7,78.730
NZ_JBQSSY010000004.1,plasmid,44.8162478563431,0,n/a
NZ_JBQSSY010000002.1,plasmid,45.27754763877382,0,n/a
NZ_JBQSSY010000003.1,plasmid,50.13315513801948,0,n/a
CP155628.1,chromosome,47.635270493673616,7,78.807
CP155631.1,plasmid,44.642778761320905,0,n/a
CP155629.1,plasmid,50.20309660247688,0,n/a
CP155630.1,plasmid,47.30118089664542,0,n/a
NZ_CP063420.1,chromosome,47.78579591020423,9,80.560
NZ_CP063421.1,chromosome,47.10970762467226,0,n/a
NZ_CP063422.1,plasmid,42.224573069366784,0,n/a
NZ_CP063423.1,plasmid,38.98781630740394,0,n/a
CM126339.1,chromosome,47.62459873374647,7,78.730
JBQSTB010000004.1,plasmid,44.82216239195125,0,n/a
JBQSTB010000003.1,plasmid,45.27754763877382,0,n/a
JBQSTB010000002.1,plasmid,50.13467285309846,0,n/a
CP177866.1,chromosome,47.602193127166956,7,78.730
CP177868.1,plasmid,44.80573004007618,0,n/a
CP177869.1,plasmid,50.1884446516688,0,n/a
CP177867.1,plasmid,45.27575442247659,0,n/a
CP189330.1,chromosome,47.68540642348443,9,80.560
CP189331.1,chromosome,46.80100960079824,0,n/a
CP189164.1,chromosome,47.698063735179645,9,80.560
CP189165.1,chromosome,46.83315865352034,0,n/a
NC_017265.1,contig/unkown,47.588702981401624,7,78.830
NC_017263.1,plasmid,44.630353600186716,0,n/a
NC_017266.1,plasmid,50.15309308462421,0,n/a
NC_017264.1,plasmid,45.29166666666667,0,n/a
CP189059.1,chromosome,47.700805776509334,9,80.560
CP189060.1,chromosome,46.977916670600564,0,n/a
CM126259.1,chromosome,47.62488754463719,7,78.730
JBQSQA010000004.1,plasmid,44.83386177185674,0,n/a
JBQSQA010000003.1,plasmid,45.265014002696816,0,n/a
JBQSQA010000002.1,plasmid,50.24384699634229,0,n/a
CP177882.1,chromosome,47.592324518331544,7,78.730
CP177885.1,plasmid,44.8224012709941,0,n/a
CP177884.1,plasmid,50.16585964808048,0,n/a
CP177883.1,plasmid,45.271043595879725,0,n/a
CP063303.2,chromosome,47.641225700348045,7,78.807
CP189294.1,chromosome,47.702136373033134,9,80.560
CP189295.1,chromosome,46.93526225628163,0,n/a
NZ_CP053794.1,chromosome,47.74883719703493,10,80.516
NZ_CP053795.1,chromosome,47.19832592550835,0,n/a
CP184807.1,chromosome,47.21467684421769,0,n/a
CP184808.1,chromosome,47.72948369666318,10,80.591
NZ_CM126275.1,chromosome,47.6243193463075,7,78.730
NZ_JBQSQQ010000004.1,plasmid,44.81645139360979,0,n/a
NZ_JBQSQQ010000002.1,plasmid,45.25221008840354,0,n/a
NZ_JBQSQQ010000003.1,plasmid,50.13152470505094,0,n/a
NZ_CP007653.1,chromosome,47.67781648392967,7,80.560
NZ_CP007654.1,chromosome,47.00718359644016,0,n/a
NZ_CP007655.1,chromosome,37.25410320913029,0,n/a
NZ_CP047297.1,chromosome,47.62091437914059,9,80.560
NZ_CP047298.1,chromosome,46.92107399680667,0,n/a
NZ_CP065918.1,chromosome,47.56905777669831,6,78.807
CP177834.1,chromosome,47.65786848025733,7,78.730
CP177838.1,plasmid,44.80833960602747,0,n/a
CP177836.1,plasmid,49.06632324533162,0,n/a
CP177837.1,plasmid,50.16684985493469,0,n/a
CP177835.1,plasmid,45.27575442247659,0,n/a
CP001233.1,chromosome,47.83187549416202,7,80.560
CP001234.1,chromosome,47.035977300832776,0,n/a
CP137093.1,chromosome,47.91529141496966,10,80.516
CP137094.1,chromosome,46.687929816485635,0,n/a
NZ_CP047059.1,chromosome,47.82057913405108,8,80.560
NZ_CP047060.1,chromosome,46.9119748148959,0,n/a
CP189116.1,chromosome,47.6989229877569,9,80.560
CP189117.1,chromosome,46.83274384753205,0,n/a
NZ_CP053744.1,chromosome,47.648939565919356,10,80.790
NZ_CP053745.1,chromosome,47.0111184118624,0,n/a
CP189286.1,chromosome,47.7018293841746,9,80.560
CP189287.1,chromosome,46.93444227464093,0,n/a
NZ_CP013313.1,chromosome,47.90432930265411,10,80.560
NZ_CP013314.1,chromosome,46.781433197046944,0,n/a
NZ_CP016273.1,chromosome,47.579701935651805,6,78.807
NZ_CP016274.1,plasmid,44.835286754665454,0,n/a
NZ_CP016275.1,plasmid,50.22866645878806,0,n/a
NZ_CP016276.1,plasmid,45.26633374947981,0,n/a
CP189092.1,chromosome,47.47565340874046,9,80.560
CP001235.1,chromosome,47.77998451098153,8,80.635
CP001236.1,chromosome,46.86732264120041,0,n/a
NZ_CM126311.1,chromosome,47.62343867514771,7,78.730
NZ_JBQSSB010000002.1,plasmid,44.82069737457317,0,n/a
NZ_JBQSSB010000004.1,plasmid,45.244029075804775,0,n/a
NZ_JBQSSB010000003.1,plasmid,50.13905403944614,0,n/a
CP188862.1,chromosome,47.699995652073,9,80.560
CP188863.1,chromosome,46.82938131670042,0,n/a
AP023373.1,chromosome,48.012627359697746,10,80.560
AP023374.1,chromosome,46.84865426139099,0,n/a
NZ_CM126290.1,chromosome,47.62364951107184,7,78.730
NZ_JBQSRG010000002.1,plasmid,44.83237452886332,0,n/a
NZ_JBQSRG010000004.1,plasmid,45.263484832798426,0,n/a
NZ_JBQSRG010000003.1,plasmid,50.13413783276501,0,n/a
NZ_CP009906.1,chromosome,47.70555545171393,7,78.730
NZ_CP009905.1,plasmid,44.83425807369469,0,n/a
NZ_CP009904.1,plasmid,50.23789039420355,0,n/a
NZ_CP009903.1,plasmid,45.28046622957644,0,n/a
CM185154.1,chromosome,47.59907411155655,10,80.560
CM185155.1,chromosome,47.3981887642439,0,n/a
CM126286.1,chromosome,47.62361188207307,7,78.730
JBQSRD010000004.1,plasmid,44.81771276294154,0,n/a
JBQSRD010000003.1,plasmid,45.25790349417637,0,n/a
JBQSRD010000002.1,plasmid,50.14251174493346,0,n/a
NZ_AP023379.1,chromosome,47.92536007254525,10,80.516
NZ_AP023380.1,chromosome,47.06098998232174,0,n/a
NC_005810.1,contig/unkown,47.6500767671404,7,78.730
NC_005813.1,plasmid,44.84670534072607,0,n/a
NC_005814.1,plasmid,49.06632324533162,0,n/a
NC_005815.1,plasmid,50.31132199321093,0,n/a
NC_005816.1,plasmid,45.25965240919971,0,n/a
CM126311.1,chromosome,47.62343867514771,7,78.730
JBQSSB010000002.1,plasmid,44.82069737457317,0,n/a
JBQSSB010000004.1,plasmid,45.244029075804775,0,n/a
JBQSSB010000003.1,plasmid,50.13905403944614,0,n/a
CP053744.1,chromosome,47.648939565919356,10,80.790
CP053745.1,chromosome,47.0111184118624,0,n/a
CP189198.1,chromosome,47.68539086877923,9,80.560
CP189199.1,chromosome,46.83319037062618,0,n/a
CP033690.1,chromosome,47.64546329814584,7,78.830
CP033689.1,plasmid,44.633427662864314,0,n/a
CP033691.1,plasmid,45.271043595879725,0,n/a
CP033692.1,plasmid,50.14613984155882,0,n/a
CP033693.1,plasmid,50.01587609589162,0,n/a
NZ_CP177834.1,chromosome,47.65786848025733,7,78.730
NZ_CP177838.1,plasmid,44.80833960602747,0,n/a
NZ_CP177836.1,plasmid,49.06632324533162,0,n/a
NZ_CP177837.1,plasmid,50.16684985493469,0,n/a
NZ_CP177835.1,plasmid,45.27575442247659,0,n/a
CP047297.1,chromosome,47.62091437914059,9,80.560
CP047298.1,chromosome,46.92107399680667,0,n/a
CP189140.1,chromosome,47.69808531781008,9,80.560
CP189141.1,chromosome,46.83315865352034,0,n/a
NZ_CM126286.1,chromosome,47.62361188207307,7,78.730
NZ_JBQSRD010000004.1,plasmid,44.81771276294154,0,n/a
NZ_JBQSRD010000003.1,plasmid,45.25790349417637,0,n/a
NZ_JBQSRD010000002.1,plasmid,50.14251174493346,0,n/a
NZ_CM185154.1,chromosome,47.59907411155655,10,80.560
NZ_CM185155.1,chromosome,47.3981887642439,0,n/a
AP023379.1,chromosome,47.92536007254525,10,80.516
AP023380.1,chromosome,47.06098998232174,0,n/a
CP188915.1,chromosome,47.70020299586456,9,80.560
CP188916.1,chromosome,46.84621535603012,0,n/a
CP189290.1,chromosome,47.70184498755049,9,80.560
CP189291.1,chromosome,46.93504819778136,0,n/a
NZ_AP023373.1,chromosome,48.012627359697746,10,80.560
NZ_AP023374.1,chromosome,46.84865426139099,0,n/a
NZ_CP006754.1,chromosome,47.624491339545614,7,78.830
NZ_CP006753.1,plasmid,44.88968429294483,0,n/a
NZ_CP006752.1,plasmid,51.97310621737204,0,n/a
CP189244.1,chromosome,47.702075462440504,9,80.560
CP189245.1,chromosome,46.83329496253277,0,n/a
CM126290.1,chromosome,47.62364951107184,7,78.730
JBQSRG010000002.1,plasmid,44.83237452886332,0,n/a
JBQSRG010000004.1,plasmid,45.263484832798426,0,n/a
JBQSRG010000003.1,plasmid,50.13413783276501,0,n/a
CP189158.1,chromosome,47.69799994842115,9,80.560
CP189159.1,chromosome,46.83320212995076,0,n/a
CP189051.1,chromosome,47.70098280201518,9,80.560
CP189052.1,chromosome,46.977910964077466,0,n/a
NC_016944.1,chromosome,47.65665264592928,8,80.560
NC_016945.1,chromosome,46.91914085526463,0,n/a
LT992492.1,chromosome,47.68455708436543,9,80.560
LT992493.1,chromosome,46.95017317043226,0,n/a
CP188977.1,chromosome,47.700081695687324,9,80.560
CP188978.1,chromosome,46.833437151007836,0,n/a
NZ_CP171658.1,chromosome,47.710887914643806,9,80.560
NZ_CP171659.1,chromosome,46.92053110005846,0,n/a
NZ_CP177906.1,chromosome,47.592540671695744,7,78.730
NZ_CP177907.1,plasmid,44.635355892648775,0,n/a
NZ_CP177908.1,plasmid,50.15308691711149,0,n/a
NZ_CP177909.1,plasmid,45.27575442247659,0,n/a
CP173268.1,chromosome,47.68243942411,10,80.560
CP173269.1,chromosome,47.01970045521403,0,n/a
CP173270.1,plasmid,52.587349432917755,0,n/a
CP189312.1,chromosome,47.685439042919676,9,80.560
CP189313.1,chromosome,46.80100960079824,0,n/a
CP006758.1,chromosome,47.62881818934356,7,78.830
CP006757.1,plasmid,44.89071000041954,0,n/a
CP006756.1,plasmid,52.00639360056053,0,n/a
NZ_OW443147.1,chromosome,47.658029196840694,9,80.560
NZ_OW443148.1,chromosome,47.01991299739603,0,n/a
NZ_OW443149.1,plasmid,51.37076233183856,0,n/a
CP189174.1,chromosome,47.68542046819373,9,80.560
CP189175.1,chromosome,46.833135134482795,0,n/a
CP064120.1,chromosome,47.58488828319223,7,78.807
CP171668.1,chromosome,47.713847062454825,9,80.560
CP171669.1,chromosome,46.920557134693176,0,n/a
NZ_CP064127.1,chromosome,47.63322705053461,7,78.871
NZ_CP151595.1,chromosome,47.63682044345538,7,78.807
NZ_CP151597.1,plasmid,44.643928419882066,0,n/a
NZ_CP151596.1,plasmid,50.16300847247683,0,n/a
NZ_CP151598.1,plasmid,45.27575442247659,0,n/a
NZ_CP043554.1,chromosome,47.72285998489447,10,80.560
NZ_CP043556.1,chromosome,46.91858579305871,0,n/a
NZ_CP043555.1,plasmid,41.22533748701973,0,n/a
CP178029.1,chromosome,47.61569703096052,7,78.730
CP178030.1,plasmid,53.51519133606725,0,n/a
CP178031.1,plasmid,49.93703380800155,0,n/a
CP178032.1,plasmid,45.274771024146546,0,n/a
CP064123.1,chromosome,47.6404335677616,7,78.807
CP189031.1,chromosome,47.70090125498237,9,80.560
CP189032.1,chromosome,46.97772213662044,0,n/a
CP000627.1,chromosome,47.78006057401468,8,80.635
CP000626.1,chromosome,46.884457478005864,0,n/a
NZ_CP177844.1,chromosome,47.61277844503392,7,78.730
NZ_CP177845.1,plasmid,44.795051593409724,0,n/a
NZ_CP177846.1,plasmid,50.16536290721854,0,n/a
NZ_CP177847.1,plasmid,45.27575442247659,0,n/a
CP189090.1,chromosome,47.47581123840751,9,80.560
NC_002505.1,chromosome,47.69483062149186,8,80.560
NC_002506.1,chromosome,46.913546858898734,0,n/a
NZ_CP064120.1,chromosome,47.58488828319223,7,78.807
CP189254.1,chromosome,47.685339674555685,9,80.560
CP189255.1,chromosome,46.833233847287836,0,n/a
CP036499.1,chromosome,47.74951229293691,10,80.516
CP036500.1,chromosome,47.071209594040106,0,n/a
CP188967.1,chromosome,47.70000222300972,9,80.560
CP188968.1,chromosome,46.83338779511478,0,n/a
CP171658.1,chromosome,47.710887914643806,9,80.560
CP171659.1,chromosome,46.92053110005846,0,n/a
CP177906.1,chromosome,47.592540671695744,7,78.730
CP177907.1,plasmid,44.635355892648775,0,n/a
CP177908.1,plasmid,50.15308691711149,0,n/a
CP177909.1,plasmid,45.27575442247659,0,n/a
CP161835.1,chromosome,47.668118441608605,8,80.560
CP161836.1,chromosome,46.959424994203566,0,n/a
CP177844.1,chromosome,47.61277844503392,7,78.730
CP177845.1,plasmid,44.795051593409724,0,n/a
CP177846.1,plasmid,50.16536290721854,0,n/a
CP177847.1,plasmid,45.27575442247659,0,n/a
NZ_CP178029.1,chromosome,47.61569703096052,7,78.730
NZ_CP178030.1,plasmid,53.51519133606725,0,n/a
NZ_CP178031.1,plasmid,49.93703380800155,0,n/a
NZ_CP178032.1,plasmid,45.274771024146546,0,n/a
NZ_CP064123.1,chromosome,47.6404335677616,7,78.807
CP151611.1,chromosome,47.572455698163836,7,78.807
CP151613.1,plasmid,44.640688333162615,0,n/a
CP151612.1,plasmid,50.16300847247683,0,n/a
CP151614.1,plasmid,45.27575442247659,0,n/a
NZ_CP171668.1,chromosome,47.713847062454825,9,80.560
NZ_CP171669.1,chromosome,46.920557134693176,0,n/a
CP064127.1,chromosome,47.63322705053461,7,78.871
NZ_CP171680.1,chromosome,47.72311387226406,10,80.560
NZ_CP171681.1,chromosome,46.95199879715075,0,n/a
CM126268.1,chromosome,47.62442194929892,7,78.730
JBQSQJ010000004.1,plasmid,44.81981343389379,0,n/a
JBQSQJ010000002.1,plasmid,45.330981531438056,0,n/a
JBQSQJ010000003.1,plasmid,50.13360315932177,0,n/a
CP177958.1,chromosome,47.64693359951704,7,78.730
CP177961.1,plasmid,44.63634507103889,0,n/a
CP177959.1,plasmid,50.14159570493029,0,n/a
CP177960.1,plasmid,45.271043595879725,0,n/a
NZ_CP009973.1,chromosome,47.58254273114566,6,78.807
NZ_CP009972.1,plasmid,44.83607140317189,0,n/a
NZ_CP009971.1,plasmid,50.22762706579358,0,n/a
AP024967.1,chromosome,47.67671188622076,10,80.560
AP024968.1,chromosome,47.31484692222508,0,n/a
CP188852.1,chromosome,47.70002984702826,9,80.560
CP188853.1,chromosome,46.829387193728934,0,n/a
CP188838.1,chromosome,47.699852301488036,9,80.560
CP188839.1,chromosome,46.829126787662204,0,n/a
NZ_CP053810.1,chromosome,47.80559150221072,10,80.560
NZ_CP053811.1,chromosome,46.57117521203995,0,n/a
NZ_CP053812.1,plasmid,42.212644053196904,0,n/a
CP188943.1,chromosome,47.700052011872174,9,80.560
CP188944.1,chromosome,46.840222686410584,0,n/a
NZ_CM126305.1,chromosome,47.62333965425417,7,78.730
NZ_JBQSRV010000004.1,plasmid,44.82045177564266,0,n/a
NZ_JBQSRV010000002.1,plasmid,45.262829835861204,0,n/a
NZ_JBQSRV010000003.1,plasmid,50.13464373464374,0,n/a
NZ_CM126332.1,chromosome,47.6251592434034,7,78.730
NZ_JBQSSV010000003.1,plasmid,44.82201564448475,0,n/a
NZ_JBQSSV010000002.1,plasmid,45.27754763877382,0,n/a
NZ_JBQSSV010000004.1,plasmid,50.129637995718014,0,n/a
NZ_CP151627.1,chromosome,47.581872763493834,7,78.830
NZ_CP151629.1,plasmid,44.640688333162615,0,n/a
NZ_CP151628.1,plasmid,50.13693646350214,0,n/a
NZ_CP151630.1,plasmid,45.27575442247659,0,n/a
CP189123.1,chromosome,47.699919742784616,9,80.560
CP189124.1,chromosome,46.833208009580304,0,n/a
CM129949.1,chromosome,47.67875160931258,10,80.560
CM129950.1,chromosome,47.25192365344259,0,n/a
JBRUSY010000003.1,plasmid,42.232115443659815,0,n/a
JBRUSY010000004.1,plasmid,43.85556202679091,0,n/a
NC_012668.1,chromosome,47.51703717062317,7,80.560
NC_012667.1,chromosome,46.74811186031447,0,n/a
NZ_AP018677.1,chromosome,47.5010974747359,9,80.560
CP189096.1,chromosome,47.475375862467644,9,80.560
CP053810.1,chromosome,47.80559150221072,10,80.560
CP053811.1,chromosome,46.57117521203995,0,n/a
CP053812.1,plasmid,42.212644053196904,0,n/a
NZ_AP024967.1,chromosome,47.67671188622076,10,80.560
NZ_AP024968.1,chromosome,47.31484692222508,0,n/a
CP033696.1,chromosome,47.64931929047766,7,78.807
CP033694.1,plasmid,50.33461071128143,0,n/a
CP033695.1,plasmid,44.85136945307379,0,n/a
CP188906.1,chromosome,47.70011137958011,9,80.560
CP188907.1,chromosome,46.84602917945467,0,n/a
CP171680.1,chromosome,47.72311387226406,10,80.560
CP171681.1,chromosome,46.95199879715075,0,n/a
NZ_CM126268.1,chromosome,47.62442194929892,7,78.730
NZ_JBQSQJ010000004.1,plasmid,44.81981343389379,0,n/a
NZ_JBQSQJ010000002.1,plasmid,45.330981531438056,0,n/a
NZ_JBQSQJ010000003.1,plasmid,50.13360315932177,0,n/a
NZ_CP177958.1,chromosome,47.64693359951704,7,78.730
NZ_CP177961.1,plasmid,44.63634507103889,0,n/a
NZ_CP177959.1,plasmid,50.14159570493029,0,n/a
NZ_CP177960.1,plasmid,45.271043595879725,0,n/a
NZ_CM129949.1,chromosome,47.67875160931258,10,80.560
NZ_CM129950.1,chromosome,47.25192365344259,0,n/a
NZ_JBRUSY010000003.1,plasmid,42.232115443659815,0,n/a
NZ_JBRUSY010000004.1,plasmid,43.85556202679091,0,n/a
NZ_CP009715.1,chromosome,47.64254303482345,7,78.830
NZ_CP009713.1,plasmid,44.889311535933544,0,n/a
NZ_CP009714.1,plasmid,52.007913390712716,0,n/a
NC_016445.1,chromosome,47.67064450950476,7,80.560
NC_016446.1,chromosome,47.01867895046184,0,n/a
CP189306.1,chromosome,47.70218619005641,9,80.560
CP189307.1,chromosome,46.935455319435896,0,n/a
CM126305.1,chromosome,47.62333965425417,7,78.730
JBQSRV010000004.1,plasmid,44.82045177564266,0,n/a
JBQSRV010000002.1,plasmid,45.262829835861204,0,n/a
JBQSRV010000003.1,plasmid,50.13464373464374,0,n/a
CM126332.1,chromosome,47.6251592434034,7,78.730
JBQSSV010000003.1,plasmid,44.82201564448475,0,n/a
JBQSSV010000002.1,plasmid,45.27754763877382,0,n/a
JBQSSV010000004.1,plasmid,50.129637995718014,0,n/a
CP189133.1,chromosome,47.47420531879605,9,80.560
CP189126.1,chromosome,47.69986187958188,9,80.560
CP189127.1,chromosome,46.833016464786745,0,n/a
CP001593.1,chromosome,47.67886232960133,6,78.753
CP001594.1,plasmid,44.64165520470574,0,n/a
CP001595.1,plasmid,50.2042418648078,0,n/a
CP001596.1,plasmid,45.28046622957644,0,n/a
NZ_CP178057.1,chromosome,47.63549568716961,7,78.730
NZ_CP178060.1,plasmid,44.6445816628135,0,n/a
NZ_CP178058.1,plasmid,50.168343499960386,0,n/a
NZ_CP178059.1,plasmid,45.27575442247659,0,n/a
CP189184.1,chromosome,47.68091424299056,8,80.560
CP189185.1,chromosome,46.83314101427493,0,n/a
NZ_CP024162.1,chromosome,47.71091479533819,8,80.560
NZ_CP024163.1,chromosome,46.91892215054246,0,n/a
NZ_CM126331.1,chromosome,47.62405809825721,7,78.730
NZ_JBQSSW010000004.1,plasmid,44.81893202506877,0,n/a
NZ_JBQSSW010000002.1,plasmid,45.262829835861204,0,n/a
NZ_JBQSSW010000003.1,plasmid,50.13665768724069,0,n/a
CP189216.1,chromosome,47.47408931823259,9,80.560
CP151615.1,chromosome,47.63605123022438,7,78.830
CP151617.1,plasmid,44.64149839040093,0,n/a
CP151616.1,plasmid,50.16202717299745,0,n/a
CP151618.1,plasmid,45.270059319388075,0,n/a
NZ_CM126256.1,chromosome,47.63977258465918,7,78.807
NZ_JBQSPW010000002.1,plasmid,44.79569983973677,0,n/a
NZ_JBQSPW010000004.1,plasmid,45.27575442247659,0,n/a
NZ_JBQSPW010000003.1,plasmid,50.11425334947853,0,n/a
CM126345.1,chromosome,47.624217461950316,7,78.730
JBQSTH010000002.1,plasmid,44.81981662816897,0,n/a
JBQSTH010000004.1,plasmid,45.2513966480447,0,n/a
JBQSTH010000003.1,plasmid,50.13016356402574,0,n/a
CP177814.1,chromosome,47.605805593549576,7,78.730
CP177815.1,plasmid,44.80975983866157,0,n/a
CP177818.1,plasmid,48.86368730108925,0,n/a
CP177819.1,plasmid,48.830632490909906,0,n/a
CP177817.1,plasmid,50.16585964808048,0,n/a
CP177816.1,plasmid,45.28046622957644,0,n/a
CP001585.1,chromosome,47.62601492871796,6,78.730
CP001586.1,plasmid,44.64311843375962,0,n/a
CP001587.1,plasmid,50.20318517968361,0,n/a
CP001588.1,plasmid,45.28144834044324,0,n/a
NZ_CP020408.2,chromosome,47.69991619407284,9,80.560
NZ_CP020407.2,chromosome,46.914517416572785,0,n/a
CP189139.1,chromosome,47.47429054972952,9,80.560
NZ_CP196693.1,chromosome,47.671804905571555,7,78.730
NZ_CP196695.1,plasmid,44.81555546100498,0,n/a
NZ_CP196694.1,plasmid,50.164869441226266,0,n/a
NZ_CP196696.1,plasmid,45.27575442247659,0,n/a
CM126267.1,chromosome,47.62454264623728,7,78.730
JBQSQI010000002.1,plasmid,44.823384388681866,0,n/a
JBQSQI010000005.1,plasmid,38.52189781021898,0,n/a
JBQSQI010000003.1,plasmid,45.241550901928264,0,n/a
JBQSQI010000004.1,plasmid,50.13712364719412,0,n/a
CP177954.1,chromosome,47.64560786147838,7,78.730
CP177957.1,plasmid,44.6348863669516,0,n/a
CP177955.1,plasmid,50.14159570493029,0,n/a
CP177956.1,plasmid,45.271043595879725,0,n/a
CP160678.1,chromosome,47.6819088299675,8,80.560
CP160679.1,chromosome,47.07705550783569,0,n/a
CP001589.1,chromosome,47.63189267041054,6,78.730
CP001590.1,plasmid,44.71973013708462,0,n/a
CP001591.1,plasmid,50.23009807800429,0,n/a
CP001592.1,plasmid,45.285179017485426,0,n/a
CP188939.1,chromosome,47.699877473255306,9,80.560
CP188940.1,chromosome,46.84003668038771,0,n/a
NZ_CP053808.1,chromosome,48.03939138881702,10,80.635
NZ_CP053809.1,chromosome,46.45187424356087,0,n/a
CM170609.1,chromosome,47.68601877797675,9,80.560
CM170610.1,chromosome,46.91598046386523,0,n/a
CP189267.1,chromosome,47.47421801807247,9,80.560
CP189265.1,chromosome,47.6334193225551,9,80.560
CP189266.1,chromosome,47.136123131784416,0,n/a
NZ_CM126271.1,chromosome,47.624433564805976,7,78.730
NZ_JBQSQM010000003.1,plasmid,44.82700015579192,0,n/a
NZ_JBQSQM010000002.1,plasmid,45.27852557465314,0,n/a
NZ_JBQSQM010000004.1,plasmid,50.140980675331825,0,n/a
CP189210.1,chromosome,47.47416184976688,9,80.560
NZ_CM126345.1,chromosome,47.624217461950316,7,78.730
NZ_JBQSTH010000002.1,plasmid,44.81981662816897,0,n/a
NZ_JBQSTH010000004.1,plasmid,45.2513966480447,0,n/a
NZ_JBQSTH010000003.1,plasmid,50.13016356402574,0,n/a
CM126256.1,chromosome,47.63977258465918,7,78.807
JBQSPW010000002.1,plasmid,44.79569983973677,0,n/a
JBQSPW010000004.1,plasmid,45.27575442247659,0,n/a
JBQSPW010000003.1,plasmid,50.11425334947853,0,n/a
NZ_CP177814.1,chromosome,47.605805593549576,7,78.730
NZ_CP177815.1,plasmid,44.80975983866157,0,n/a
NZ_CP177818.1,plasmid,48.86368730108925,0,n/a
NZ_CP177819.1,plasmid,48.830632490909906,0,n/a
NZ_CP177817.1,plasmid,50.16585964808048,0,n/a
NZ_CP177816.1,plasmid,45.28046622957644,0,n/a
CP189005.1,chromosome,47.69747879411392,9,80.560
CP189006.1,chromosome,46.83336427775715,0,n/a
CP189094.1,chromosome,47.47534385570698,9,80.560
CP178057.1,chromosome,47.63549568716961,7,78.730
CP178060.1,plasmid,44.6445816628135,0,n/a
CP178058.1,plasmid,50.168343499960386,0,n/a
CP178059.1,plasmid,45.27575442247659,0,n/a
CP161831.1,chromosome,47.65587190211293,8,80.560
CP161832.1,chromosome,46.92354210859291,0,n/a
CP159790.1,chromosome,47.83987082274851,8,80.560
CP159791.1,chromosome,46.984491565741756,0,n/a
CM126331.1,chromosome,47.62405809825721,7,78.730
JBQSSW010000004.1,plasmid,44.81893202506877,0,n/a
JBQSSW010000002.1,plasmid,45.262829835861204,0,n/a
JBQSSW010000003.1,plasmid,50.13665768724069,0,n/a
CP161829.1,chromosome,47.66822369676907,8,80.560
CP161830.1,chromosome,47.04782163636986,0,n/a
CM126271.1,chromosome,47.624433564805976,7,78.730
JBQSQM010000003.1,plasmid,44.82700015579192,0,n/a
JBQSQM010000002.1,plasmid,45.27852557465314,0,n/a
JBQSQM010000004.1,plasmid,50.140980675331825,0,n/a
CP053808.1,chromosome,48.03939138881702,10,80.635
CP053809.1,chromosome,46.45187424356087,0,n/a
NZ_CM170609.1,chromosome,47.68601877797675,9,80.560
NZ_CM170610.1,chromosome,46.91598046386523,0,n/a
CP151607.1,chromosome,47.63848762718251,7,78.807
CP151609.1,plasmid,44.63857184664911,0,n/a
CP151608.1,plasmid,50.16153007630562,0,n/a
CP151610.1,plasmid,45.270059319388075,0,n/a
NZ_CP043557.1,chromosome,47.28394737682631,9,80.606
NZ_CP043558.1,chromosome,46.25906064640072,0,n/a
NZ_CM126267.1,chromosome,47.62454264623728,7,78.730
NZ_JBQSQI010000002.1,plasmid,44.823384388681866,0,n/a
NZ_JBQSQI010000005.1,plasmid,38.52189781021898,0,n/a
NZ_JBQSQI010000003.1,plasmid,45.241550901928264,0,n/a
NZ_JBQSQI010000004.1,plasmid,50.13712364719412,0,n/a
LT906614.1,chromosome,47.69585253456221,8,80.560
LT906615.1,chromosome,46.91458418623562,0,n/a
NZ_CP177954.1,chromosome,47.64560786147838,7,78.730
NZ_CP177957.1,plasmid,44.6348863669516,0,n/a
NZ_CP177955.1,plasmid,50.14159570493029,0,n/a
NZ_CP177956.1,plasmid,45.271043595879725,0,n/a
CP188995.1,chromosome,47.694405837104,9,80.560
CP188996.1,chromosome,46.83325968533117,0,n/a
CP013317.1,chromosome,47.76300775403885,8,80.560
CP013318.1,chromosome,46.78654913944875,0,n/a
CP196693.1,chromosome,47.671804905571555,7,78.730
CP196695.1,plasmid,44.81555546100498,0,n/a
CP196694.1,plasmid,50.164869441226266,0,n/a
CP196696.1,plasmid,45.27575442247659,0,n/a
CP189354.1,chromosome,47.6852619011893,9,80.560
CP189355.1,chromosome,46.80073884788789,0,n/a
CP161854.1,chromosome,48.077480703541475,10,80.591
CP161855.1,chromosome,47.05875958681222,0,n/a
CP161856.1,plasmid,42.14023831347388,0,n/a
CP046843.1,chromosome,48.060350504999064,10,80.711
CP046842.1,chromosome,46.88122140013074,0,n/a
NZ_CM126319.1,chromosome,47.62375957767896,7,78.730
NZ_JBQSSJ010000004.1,plasmid,44.820748169237525,0,n/a
NZ_JBQSSJ010000002.1,plasmid,45.24106400665004,0,n/a
NZ_JBQSSJ010000003.1,plasmid,50.13313943776837,0,n/a
CP189073.1,chromosome,47.70192601140867,9,80.560
CP189074.1,chromosome,46.83335607721036,0,n/a
NZ_CM126279.1,chromosome,47.624082487482795,7,78.730
NZ_JBQSQU010000003.1,plasmid,44.81297217615626,0,n/a
NZ_JBQSQU010000002.1,plasmid,45.228690228690226,0,n/a
NZ_JBQSQU010000004.1,plasmid,50.12615230559292,0,n/a
NZ_CP045719.1,chromosome,47.78600249164769,8,80.635
NZ_CP045718.1,chromosome,46.8931864214681,0,n/a
NZ_CP045158.1,chromosome,47.68511065260278,7,78.730
NZ_CP045160.1,plasmid,44.822206147256146,0,n/a
NZ_CP045162.1,plasmid,38.388888888888886,0,n/a
NZ_CP045159.1,plasmid,50.14061240142382,0,n/a
NZ_CP045161.1,plasmid,45.271043595879725,0,n/a
CP188894.1,chromosome,47.69996446471006,9,80.560
CP188895.1,chromosome,46.83860465636642,0,n/a
CP188981.1,chromosome,47.69998662925473,9,80.560
CP188982.1,chromosome,46.833344318512005,0,n/a
CM126294.1,chromosome,47.62413350426618,7,78.730
JBQSRK010000004.1,plasmid,44.818641833567206,0,n/a
JBQSRK010000002.1,plasmid,45.252441304799504,0,n/a
JBQSRK010000003.1,plasmid,50.13319178634268,0,n/a
CP189217.1,chromosome,47.47389712228859,9,80.560
CM126319.1,chromosome,47.62375957767896,7,78.730
JBQSSJ010000004.1,plasmid,44.820748169237525,0,n/a
JBQSSJ010000002.1,plasmid,45.24106400665004,0,n/a
JBQSSJ010000003.1,plasmid,50.13313943776837,0,n/a
NZ_CP161854.1,chromosome,48.077480703541475,10,80.591
NZ_CP161855.1,chromosome,47.05875958681222,0,n/a
NZ_CP161856.1,plasmid,42.14023831347388,0,n/a
CP188870.1,chromosome,47.699919187586794,9,80.560
CP188871.1,chromosome,46.829387193728934,0,n/a
NZ_CM126294.1,chromosome,47.62413350426618,7,78.730
NZ_JBQSRK010000004.1,plasmid,44.818641833567206,0,n/a
NZ_JBQSRK010000002.1,plasmid,45.252441304799504,0,n/a
NZ_JBQSRK010000003.1,plasmid,50.13319178634268,0,n/a
CM126279.1,chromosome,47.624082487482795,7,78.730
JBQSQU010000003.1,plasmid,44.81297217615626,0,n/a
JBQSQU010000002.1,plasmid,45.228690228690226,0,n/a
JBQSQU010000004.1,plasmid,50.12615230559292,0,n/a
NZ_LT992490.1,chromosome,47.52127222038476,9,80.635
NZ_LT992491.1,chromosome,46.445158854721306,0,n/a
CM126264.1,chromosome,47.624531004903695,7,78.730
JBQSQF010000002.1,plasmid,44.82979267980547,0,n/a
JBQSQF010000004.1,plasmid,45.302605626492266,0,n/a
JBQSQF010000003.1,plasmid,50.236171535114984,0,n/a
CP064118.1,chromosome,47.609786916342486,7,78.730
CP177926.1,chromosome,47.648263698938074,7,78.730
CP177928.1,plasmid,44.63634507103889,0,n/a
CP177927.1,plasmid,50.14159570493029,0,n/a
CP177929.1,plasmid,45.271043595879725,0,n/a
CP147726.1,chromosome,47.862155799891354,9,80.562
CP147727.1,chromosome,47.04655776004217,0,n/a
CP188927.1,chromosome,47.69599544278969,9,80.560
CP188928.1,chromosome,46.84622122762743,0,n/a
NZ_CM126270.1,chromosome,47.623926475465545,7,78.730
NZ_JBQSQL010000003.1,plasmid,44.81712503544089,0,n/a
NZ_JBQSQL010000004.1,plasmid,45.27187985499741,0,n/a
NZ_JBQSQL010000002.1,plasmid,50.124685830977064,0,n/a
AP028804.1,chromosome,47.92111601486906,10,80.833
AP028806.1,chromosome,46.67075790119669,0,n/a
AP028805.1,plasmid,52.594519122840644,0,n/a
NC_000913.3,chromosome,50.79070985933456,7,78.676
CP172323.1,chromosome,47.7399476693556,10,80.560
CP172324.1,chromosome,46.88505275909572,0,n/a
CP189288.1,chromosome,47.7017453533459,9,80.560
CP189289.1,chromosome,46.93518007719534,0,n/a
NZ_CP033699.1,chromosome,47.70258764322258,7,78.730
NZ_CP033697.1,plasmid,44.832147937411094,0,n/a
NZ_CP033698.1,plasmid,45.274771024146546,0,n/a
NZ_CP033700.1,plasmid,49.26739375705152,0,n/a
CP189282.1,chromosome,47.702041248902574,9,80.560
CP189283.1,chromosome,46.93546680053911,0,n/a
NZ_CP178084.1,chromosome,47.63531644515896,7,78.730
NZ_CP178085.1,plasmid,44.6445816628135,0,n/a
NZ_CP178087.1,plasmid,50.16735324407827,0,n/a
NZ_CP178086.1,plasmid,45.27575442247659,0,n/a
NZ_CM126328.1,chromosome,47.62383493665363,7,78.730
NZ_JBQSSS010000004.1,plasmid,44.82748848742473,0,n/a
NZ_JBQSSS010000002.1,plasmid,45.264580517725335,0,n/a
NZ_JBQSSS010000003.1,plasmid,50.12712155569299,0,n/a
NZ_CP171672.1,chromosome,47.720371810721666,10,80.560
NZ_CP171673.1,chromosome,46.815739945547904,0,n/a
CP160480.1,chromosome,47.67070342861799,8,80.560
CP160481.1,chromosome,47.07251448011621,0,n/a
NZ_CM126257.1,chromosome,47.63186572354014,7,78.807
NZ_JBQSPX010000002.1,plasmid,44.81066515387888,0,n/a
NZ_JBQSPX010000004.1,plasmid,45.271043595879725,0,n/a
NZ_JBQSPX010000003.1,plasmid,50.13333333333333,0,n/a
CM126344.1,chromosome,47.624124390921445,7,78.730
JBQSTF010000004.1,plasmid,44.82211422661131,0,n/a
JBQSTF010000002.1,plasmid,45.27383787141526,0,n/a
JBQSTF010000003.1,plasmid,50.12963290318779,0,n/a
OW443150.1,chromosome,47.72182571820566,10,80.560
OW443151.1,chromosome,47.4575759140925,0,n/a
CP177810.1,chromosome,47.66198684950237,7,78.730
CP177813.1,plasmid,44.80770323240357,0,n/a
CP177811.1,plasmid,50.16635310426775,0,n/a
CP177812.1,plasmid,45.27575442247659,0,n/a
NZ_CP151611.1,chromosome,47.572455698163836,7,78.807
NZ_CP151613.1,plasmid,44.640688333162615,0,n/a
NZ_CP151612.1,plasmid,50.16300847247683,0,n/a
NZ_CP151614.1,plasmid,45.27575442247659,0,n/a
CP189250.1,chromosome,47.68537531408418,9,80.560
CP189251.1,chromosome,46.83327732403022,0,n/a
CP189154.1,chromosome,47.685403403451076,9,80.560
CP189155.1,chromosome,46.83327732403022,0,n/a
CM126270.1,chromosome,47.623926475465545,7,78.730
JBQSQL010000003.1,plasmid,44.81712503544089,0,n/a
JBQSQL010000004.1,plasmid,45.27187985499741,0,n/a
JBQSQL010000002.1,plasmid,50.124685830977064,0,n/a
NZ_AP028804.1,chromosome,47.92111601486906,10,80.833
NZ_AP028806.1,chromosome,46.67075790119669,0,n/a
NZ_AP028805.1,plasmid,52.594519122840644,0,n/a
CP189146.1,chromosome,47.698130527792024,9,80.560
CP189147.1,chromosome,46.83329496253277,0,n/a
NZ_CM126264.1,chromosome,47.624531004903695,7,78.730
NZ_JBQSQF010000002.1,plasmid,44.82979267980547,0,n/a
NZ_JBQSQF010000004.1,plasmid,45.302605626492266,0,n/a
NZ_JBQSQF010000003.1,plasmid,50.236171535114984,0,n/a
NZ_CP013301.1,chromosome,47.72102616818999,9,80.560
NZ_CP013302.1,chromosome,46.775084709131406,0,n/a
NZ_CP064118.1,chromosome,47.609786916342486,7,78.730
NZ_CP177926.1,chromosome,47.648263698938074,7,78.730
NZ_CP177928.1,plasmid,44.63634507103889,0,n/a
NZ_CP177927.1,plasmid,50.14159570493029,0,n/a
NZ_CP177929.1,plasmid,45.271043595879725,0,n/a
CP188991.1,chromosome,47.692610552634825,8,80.560
CP188992.1,chromosome,46.83337015712931,0,n/a
CP188921.1,chromosome,47.69593019063743,9,80.560
CP188922.1,chromosome,46.84607865952991,0,n/a
NZ_CM126344.1,chromosome,47.624124390921445,7,78.730
NZ_JBQSTF010000004.1,plasmid,44.82211422661131,0,n/a
NZ_JBQSTF010000002.1,plasmid,45.27383787141526,0,n/a
NZ_JBQSTF010000003.1,plasmid,50.12963290318779,0,n/a
NZ_LT907989.1,chromosome,47.69585253456221,8,80.560
NZ_LT907990.1,chromosome,46.91458418623562,0,n/a
CP006792.1,chromosome,47.57871235867353,6,78.753
CP006791.1,plasmid,44.81619107051682,0,n/a
CP006790.1,plasmid,50.16636298819614,0,n/a
CP006793.1,plasmid,45.28046622957644,0,n/a
CM126257.1,chromosome,47.63186572354014,7,78.807
JBQSPX010000002.1,plasmid,44.81066515387888,0,n/a
JBQSPX010000004.1,plasmid,45.271043595879725,0,n/a
JBQSPX010000003.1,plasmid,50.13333333333333,0,n/a
NZ_CP177810.1,chromosome,47.66198684950237,7,78.730
NZ_CP177813.1,plasmid,44.80770323240357,0,n/a
NZ_CP177811.1,plasmid,50.16635310426775,0,n/a
NZ_CP177812.1,plasmid,45.27575442247659,0,n/a
CP189017.1,chromosome,47.6973808756004,9,80.560
CP189018.1,chromosome,46.83330316238007,0,n/a
CP189071.1,chromosome,47.70190890457963,9,80.560
CP189072.1,chromosome,46.832996508595755,0,n/a
CP178084.1,chromosome,47.63531644515896,7,78.730
CP178085.1,plasmid,44.6445816628135,0,n/a
CP178087.1,plasmid,50.16735324407827,0,n/a
CP178086.1,plasmid,45.27575442247659,0,n/a
CP171672.1,chromosome,47.720371810721666,10,80.560
CP171673.1,chromosome,46.815739945547904,0,n/a
CM126328.1,chromosome,47.62383493665363,7,78.730
JBQSSS010000004.1,plasmid,44.82748848742473,0,n/a
JBQSSS010000002.1,plasmid,45.264580517725335,0,n/a
JBQSSS010000003.1,plasmid,50.12712155569299,0,n/a
NZ_CP019708.1,chromosome,47.64212229720572,6,78.807
NZ_CP019710.1,plasmid,45.090809973316496,0,n/a
NZ_CP019709.1,plasmid,50.22973928229864,0,n/a
NZ_CP019711.1,plasmid,45.288912024986985,0,n/a
NZ_CP172323.1,chromosome,47.7399476693556,10,80.560
NZ_CP172324.1,chromosome,46.88505275909572,0,n/a
CP064125.2,chromosome,47.644916635123785,7,78.807
CP188898.1,chromosome,47.699833700073654,9,80.560
CP188899.1,chromosome,46.82929451420638,0,n/a
NZ_CP012997.1,chromosome,47.08009435312716,0,n/a
NZ_CP012998.1,chromosome,47.82234324854908,10,80.711
CP178387.1,chromosome,47.943441072622974,10,80.516
CP178388.1,chromosome,47.22659410630122,0,n/a
NZ_CP171684.1,chromosome,47.69754136384722,9,80.560
NZ_CP171685.1,chromosome,46.76424786387723,0,n/a
CM126295.1,chromosome,47.62458565658582,7,78.730
JBQSRL010000003.1,plasmid,44.81321329836251,0,n/a
JBQSRL010000002.1,plasmid,45.262829835861204,0,n/a
JBQSRL010000004.1,plasmid,50.133655679383615,0,n/a
AE009952.1,chromosome,47.64115889674629,7,78.807
AF074611.1,plasmid,50.1623923160709,0,n/a
NZ_CP009042.1,chromosome,47.68200438946161,8,80.560
NZ_CP009041.1,chromosome,47.019806796061765,0,n/a
NZ_CP196621.1,chromosome,47.78988395783506,9,80.635
NZ_CP196622.1,chromosome,46.89436777780996,0,n/a
CP133104.1,chromosome,47.651862557646574,8,80.606
CP133105.1,chromosome,47.047262858648786,0,n/a
CP132190.1,chromosome,47.5397676122401,10,80.667
CP132189.1,chromosome,46.269283382769224,0,n/a
CM126316.1,chromosome,47.62436689896747,7,78.730
JBQSSG010000003.1,plasmid,44.82196518682316,0,n/a
JBQSSG010000002.1,plasmid,45.265780730897006,0,n/a
JBQSSG010000004.1,plasmid,50.12965327570965,0,n/a
CP189166.1,chromosome,47.698146098776796,9,80.560
CP189167.1,chromosome,46.833016464786745,0,n/a
NZ_CP177878.1,chromosome,47.64478446218475,7,78.730
NZ_CP177881.1,plasmid,44.825238311393555,0,n/a
NZ_CP177879.1,plasmid,50.16585964808048,0,n/a
NZ_CP177880.1,plasmid,45.271043595879725,0,n/a
CM165269.1,chromosome,47.68689860575792,9,80.560
CM165270.1,chromosome,47.015489901487015,0,n/a
NZ_CM126320.1,chromosome,47.624538399100516,7,78.730
NZ_JBQSSK010000004.1,plasmid,44.8207453592178,0,n/a
NZ_JBQSSK010000002.1,plasmid,45.27754763877382,0,n/a
NZ_JBQSSK010000003.1,plasmid,50.12663944082306,0,n/a
CP046742.1,chromosome,47.86855453627681,10,80.560
CP046741.1,chromosome,46.472258518444065,0,n/a
NZ_CP033515.1,chromosome,47.665603663313114,9,80.560
NZ_CP033513.1,chromosome,47.019097993683374,0,n/a
NZ_CP033514.1,plasmid,51.9114934033254,0,n/a
CP093426.1,chromosome,47.684822518892176,1,80.560
CP093427.1,chromosome,46.96673875898267,0,n/a
CP188882.1,chromosome,47.70001274955622,9,80.560
CP188883.1,chromosome,46.82929451420638,0,n/a
NZ_CP133104.1,chromosome,47.651862557646574,8,80.606
NZ_CP133105.1,chromosome,47.047262858648786,0,n/a
CP196621.1,chromosome,47.78988395783506,9,80.635
CP196622.1,chromosome,46.89436777780996,0,n/a
NZ_CP132190.1,chromosome,47.5397676122401,10,80.667
NZ_CP132189.1,chromosome,46.269283382769224,0,n/a
CP171684.1,chromosome,47.69754136384722,9,80.560
CP171685.1,chromosome,46.76424786387723,0,n/a
NZ_CM126295.1,chromosome,47.62458565658582,7,78.730
NZ_JBQSRL010000003.1,plasmid,44.81321329836251,0,n/a
NZ_JBQSRL010000002.1,plasmid,45.262829835861204,0,n/a
NZ_JBQSRL010000004.1,plasmid,50.133655679383615,0,n/a
NZ_CP064125.2,chromosome,47.644916635123785,7,78.807
NZ_CP013305.1,chromosome,47.718181854557436,9,80.560
NZ_CP013306.1,chromosome,46.809446717455664,0,n/a
CP046737.1,chromosome,47.99643437498374,10,80.560
CP046738.1,chromosome,46.76143367335276,0,n/a
NZ_CM165269.1,chromosome,47.68689860575792,9,80.560
NZ_CM165270.1,chromosome,47.015489901487015,0,n/a
CP177878.1,chromosome,47.64478446218475,7,78.730
CP177881.1,plasmid,44.825238311393555,0,n/a
CP177879.1,plasmid,50.16585964808048,0,n/a
CP177880.1,plasmid,45.271043595879725,0,n/a
CM126320.1,chromosome,47.624538399100516,7,78.730
JBQSSK010000004.1,plasmid,44.8207453592178,0,n/a
JBQSSK010000002.1,plasmid,45.27754763877382,0,n/a
JBQSSK010000003.1,plasmid,50.12663944082306,0,n/a
CP189172.1,chromosome,47.68535975939928,9,80.560
CP189173.1,chromosome,46.832981184482676,0,n/a
NZ_CM126316.1,chromosome,47.62436689896747,7,78.730
NZ_JBQSSG010000003.1,plasmid,44.82196518682316,0,n/a
NZ_JBQSSG010000002.1,plasmid,45.265780730897006,0,n/a
NZ_JBQSSG010000004.1,plasmid,50.12965327570965,0,n/a
CP010812.1,chromosome,47.68660014489405,7,80.591
CP189310.1,chromosome,47.68542348820384,9,80.560
CP189311.1,chromosome,46.80096644196276,0,n/a
CP189136.1,chromosome,47.474070511960356,9,80.560
CM129961.1,chromosome,47.738539066825936,9,80.560
CM129962.1,chromosome,47.05723445517064,0,n/a
JBRUSS010000003.1,plasmid,42.232115443659815,0,n/a
JBRUSS010000004.1,plasmid,40.36042800825981,0,n/a
JBRUSS010000005.1,plasmid,43.78299120234604,0,n/a
JBRUSS010000006.1,plasmid,41.884661117717,0,n/a
CP178021.1,chromosome,47.62656099965651,6,78.807
CP178023.1,plasmid,44.827635125549726,0,n/a
CP178022.1,plasmid,50.21974254277966,0,n/a
CP178024.1,plasmid,45.28616024973985,0,n/a
CM126317.1,chromosome,47.623842215386134,7,78.730
JBQSSH010000003.1,plasmid,44.82055060430452,0,n/a
JBQSSH010000002.1,plasmid,45.26009760149517,0,n/a
JBQSSH010000004.1,plasmid,50.138430725730444,0,n/a
CP189035.1,chromosome,47.700936548938685,9,80.560
CP189036.1,chromosome,46.977961024161395,0,n/a
NZ_CP177874.1,chromosome,47.642213823397825,7,78.730
NZ_CP177876.1,plasmid,44.63248810948032,0,n/a
NZ_CP177877.1,plasmid,50.16585964808048,0,n/a
NZ_CP177875.1,plasmid,45.27575442247659,0,n/a
CP009840.1,chromosome,47.57344421041114,6,78.830
CP009841.1,plasmid,50.20036085934877,0,n/a
CP009839.1,plasmid,45.26633374947981,0,n/a
NZ_CP152071.1,chromosome,47.609860501477726,8,80.408
NZ_CP152070.1,chromosome,46.97339838935821,0,n/a
CP134058.1,chromosome,47.651833252126515,9,80.560
CP134057.1,chromosome,47.021896626555446,0,n/a
CP134059.1,plasmid,51.37076233183856,0,n/a
CP188963.1,chromosome,47.69992425433674,9,80.560
CP188964.1,chromosome,46.83348062769679,0,n/a
NZ_CP151607.1,chromosome,47.63848762718251,7,78.807
NZ_CP151609.1,plasmid,44.63857184664911,0,n/a
NZ_CP151608.1,plasmid,50.16153007630562,0,n/a
NZ_CP151610.1,plasmid,45.270059319388075,0,n/a
NZ_CM126282.1,chromosome,47.623609529407034,7,78.730
NZ_JBQSQY010000002.1,plasmid,44.81722015824849,0,n/a
NZ_JBQSQY010000004.1,plasmid,45.24576535383976,0,n/a
NZ_JBQSQY010000003.1,plasmid,50.13070225436821,0,n/a
NZ_CP177898.1,chromosome,47.589407532835544,7,78.730
NZ_CP177901.1,plasmid,44.635355892648775,0,n/a
NZ_CP177899.1,plasmid,50.16422358737304,0,n/a
NZ_CP177900.1,plasmid,45.27575442247659,0,n/a
NZ_CM129925.1,chromosome,47.80323018638229,10,80.560
NZ_CM129926.1,chromosome,46.15749589282909,0,n/a
CP000308.1,chromosome,47.701194035500585,7,78.807
CP000311.1,plasmid,44.832785672626926,0,n/a
CP000309.1,plasmid,50.23996848793938,0,n/a
CP000310.1,plasmid,45.43936160341468,0,n/a
CP196625.1,chromosome,47.78764162987832,9,80.635
CP196626.1,chromosome,46.88454771035416,0,n/a
CP189101.1,chromosome,47.475597213985026,9,80.560
CP016273.1,chromosome,47.579701935651805,6,78.807
CP016274.1,plasmid,44.835286754665454,0,n/a
CP016275.1,plasmid,50.22866645878806,0,n/a
CP016276.1,plasmid,45.26633374947981,0,n/a
CP132183.1,chromosome,46.91241517222245,0,n/a
CP132182.1,chromosome,47.66692760676545,8,80.560
CP013313.1,chromosome,47.90432930265411,10,80.560
CP013314.1,chromosome,46.781433197046944,0,n/a
CP000305.1,chromosome,47.5840153134021,7,78.807
CP000306.1,plasmid,50.16250817495392,0,n/a
CP000307.1,plasmid,45.43514566709965,0,n/a
CP047059.1,chromosome,47.82057913405108,8,80.560
CP047060.1,chromosome,46.9119748148959,0,n/a
NC_010159.1,contig/unkown,47.598026221434225,7,78.817
NC_010157.1,plasmid,44.64144302683678,0,n/a
NC_010158.1,plasmid,49.97905210788164,0,n/a
CP177874.1,chromosome,47.642213823397825,7,78.730
CP177876.1,plasmid,44.63248810948032,0,n/a
CP177877.1,plasmid,50.16585964808048,0,n/a
CP177875.1,plasmid,45.27575442247659,0,n/a
CP152071.1,chromosome,47.609860501477726,8,80.408
CP152070.1,chromosome,46.97339838935821,0,n/a
NZ_CM129961.1,chromosome,47.738539066825936,9,80.560
NZ_CM129962.1,chromosome,47.05723445517064,0,n/a
NZ_JBRUSS010000003.1,plasmid,42.232115443659815,0,n/a
NZ_JBRUSS010000004.1,plasmid,40.36042800825981,0,n/a
NZ_JBRUSS010000005.1,plasmid,43.78299120234604,0,n/a
NZ_JBRUSS010000006.1,plasmid,41.884661117717,0,n/a
NZ_CP178021.1,chromosome,47.62656099965651,6,78.807
NZ_CP178023.1,plasmid,44.827635125549726,0,n/a
NZ_CP178022.1,plasmid,50.21974254277966,0,n/a
NZ_CP178024.1,plasmid,45.28616024973985,0,n/a
NZ_CM126317.1,chromosome,47.623842215386134,7,78.730
NZ_JBQSSH010000003.1,plasmid,44.82055060430452,0,n/a
NZ_JBQSSH010000002.1,plasmid,45.26009760149517,0,n/a
NZ_JBQSSH010000004.1,plasmid,50.138430725730444,0,n/a
CP189316.1,chromosome,47.68524483642832,9,80.560
CP189317.1,chromosome,46.83341486939223,0,n/a
CP006754.1,chromosome,47.624491339545614,7,78.830
CP006753.1,plasmid,44.88968429294483,0,n/a
CP006752.1,plasmid,51.97310621737204,0,n/a
CP188951.1,chromosome,47.699969531690314,9,80.560
CP188952.1,chromosome,46.83348062769679,0,n/a
NZ_CP196625.1,chromosome,47.78764162987832,9,80.635
NZ_CP196626.1,chromosome,46.88454771035416,0,n/a
NZ_CP132183.1,chromosome,46.91241517222245,0,n/a
NZ_CP132182.1,chromosome,47.66692760676545,8,80.560
CP188886.1,chromosome,47.69996446471006,9,80.560
CP188887.1,chromosome,46.82943647195335,0,n/a
CP177898.1,chromosome,47.589407532835544,7,78.730
CP177901.1,plasmid,44.635355892648775,0,n/a
CP177899.1,plasmid,50.16422358737304,0,n/a
CP177900.1,plasmid,45.27575442247659,0,n/a
CM126282.1,chromosome,47.623609529407034,7,78.730
JBQSQY010000002.1,plasmid,44.81722015824849,0,n/a
JBQSQY010000004.1,plasmid,45.24576535383976,0,n/a
JBQSQY010000003.1,plasmid,50.13070225436821,0,n/a
CM129925.1,chromosome,47.80323018638229,10,80.560
CM129926.1,chromosome,46.15749589282909,0,n/a
CP151603.1,chromosome,47.63903302508203,7,78.807
CP151604.1,plasmid,44.63776174658687,0,n/a
CP151605.1,plasmid,50.16300847247683,0,n/a
CP151606.1,plasmid,45.27575442247659,0,n/a
NZ_CP134058.1,chromosome,47.651833252126515,9,80.560
NZ_CP134057.1,chromosome,47.021896626555446,0,n/a
NZ_CP134059.1,plasmid,51.37076233183856,0,n/a
NZ_CP033690.1,chromosome,47.64546329814584,7,78.830
NZ_CP033689.1,plasmid,44.633427662864314,0,n/a
NZ_CP033691.1,plasmid,45.271043595879725,0,n/a
NZ_CP033692.1,plasmid,50.14613984155882,0,n/a
NZ_CP033693.1,plasmid,50.01587609589162,0,n/a
NZ_CM126310.1,chromosome,47.623737299574906,7,78.730
NZ_JBQSSA010000003.1,plasmid,44.81366019555052,0,n/a
NZ_JBQSSA010000004.1,plasmid,45.27754763877382,0,n/a
NZ_JBQSSA010000002.1,plasmid,50.137648955834344,0,n/a
NZ_CM126304.1,chromosome,47.623857910611214,7,78.730
NZ_JBQSRU010000003.1,plasmid,44.82040087318913,0,n/a
NZ_JBQSRU010000004.1,plasmid,45.26928675400291,0,n/a
NZ_JBQSRU010000002.1,plasmid,50.13564253278028,0,n/a
CP171666.1,chromosome,47.7077492528608,9,80.560
CP171667.1,chromosome,46.81832876417095,0,n/a
NZ_CP178088.1,chromosome,47.63478366770285,7,78.730
NZ_CP178089.1,plasmid,44.64604489186737,0,n/a
NZ_CP178090.1,plasmid,50.168343499960386,0,n/a
NZ_CP178091.1,plasmid,45.27575442247659,0,n/a
CP189178.1,chromosome,47.685378334148275,9,80.560
CP189179.1,chromosome,46.833135134482795,0,n/a
NZ_CP072849.1,chromosome,47.68189624132327,9,80.560
NZ_CP072850.1,chromosome,47.05711520779122,0,n/a
NZ_CP013307.1,chromosome,47.84341296225026,10,80.560
NZ_CP013308.1,chromosome,46.80786412680863,0,n/a
AP026558.1,chromosome,47.73253700585972,8,80.560
AP026559.1,chromosome,46.841224386314664,0,n/a
CP189114.1,chromosome,47.699542088946615,9,80.560
CP189115.1,chromosome,46.83271444485704,0,n/a
NZ_CM165262.1,chromosome,47.657866611346286,9,80.560
NZ_CM165263.1,chromosome,47.01965419295804,0,n/a
NZ_JBWDFN010000003.1,plasmid,51.37076233183856,0,n/a
CP171674.1,chromosome,47.715042882818054,9,80.560
CP171675.1,chromosome,46.72588203589457,0,n/a
CP189281.1,chromosome,47.50343771576636,9,80.560
CP189134.1,chromosome,47.47406269825305,9,80.560
CP173754.1,chromosome,47.69351601985508,10,80.560
CP173755.1,chromosome,47.450384532647554,0,n/a
CP042299.1,chromosome,47.80578100430664,10,80.711
CP042300.1,chromosome,47.0806907791493,0,n/a
NZ_CP173026.1,chromosome,48.01812325374179,9,80.635
NZ_CP173027.1,chromosome,46.828622767365786,0,n/a
CP189302.1,chromosome,47.70204783236592,9,80.560
CP189303.1,chromosome,46.934518708338366,0,n/a
CP189208.1,chromosome,47.702038242228696,9,80.560
CP189209.1,chromosome,46.828639879145676,0,n/a
NZ_CP045145.1,chromosome,47.63098679177289,7,78.730
NZ_CP045147.1,plasmid,44.83450208383711,0,n/a
NZ_CP045146.1,plasmid,50.16884698798761,0,n/a
NZ_CP045148.1,plasmid,45.27575442247659,0,n/a
CP189192.1,chromosome,47.68534118461393,9,80.560
CP189193.1,chromosome,46.83327732403022,0,n/a
CP188856.1,chromosome,47.69990058625017,9,80.560
CP188857.1,chromosome,46.829479873251486,0,n/a
CP188834.1,chromosome,47.69879319165908,9,80.560
CP188835.1,chromosome,46.82834420317727,0,n/a
CP189107.1,chromosome,47.70194462162471,9,80.560
CP189108.1,chromosome,46.83317629256926,0,n/a
CP189021.1,chromosome,47.69738388185037,9,80.560
CP189022.1,chromosome,46.833216208363,0,n/a
CP189196.1,chromosome,47.685378334148275,9,80.560
CP189197.1,chromosome,46.83309165783205,0,n/a
CM165262.1,chromosome,47.657866611346286,9,80.560
CM165263.1,chromosome,47.01965419295804,0,n/a
JBWDFN010000003.1,plasmid,51.37076233183856,0,n/a
NZ_CP171674.1,chromosome,47.715042882818054,9,80.560
NZ_CP171675.1,chromosome,46.72588203589457,0,n/a
CP189222.1,chromosome,47.70207095249684,9,80.560
CP189223.1,chromosome,46.8332456064619,0,n/a
CP189086.1,chromosome,47.475643146702275,9,80.560
CP007653.1,chromosome,47.67781648392967,7,80.560
CP007654.1,chromosome,47.00718359644016,0,n/a
CP007655.1,chromosome,37.25410320913029,0,n/a
CM126310.1,chromosome,47.623737299574906,7,78.730
JBQSSA010000003.1,plasmid,44.81366019555052,0,n/a
JBQSSA010000004.1,plasmid,45.27754763877382,0,n/a
JBQSSA010000002.1,plasmid,50.137648955834344,0,n/a
NZ_CP171666.1,chromosome,47.7077492528608,9,80.560
NZ_CP171667.1,chromosome,46.81832876417095,0,n/a
CP178088.1,chromosome,47.63478366770285,7,78.730
CP178089.1,plasmid,44.64604489186737,0,n/a
CP178090.1,plasmid,50.168343499960386,0,n/a
CP178091.1,plasmid,45.27575442247659,0,n/a
CM126304.1,chromosome,47.623857910611214,7,78.730
JBQSRU010000003.1,plasmid,44.82040087318913,0,n/a
JBQSRU010000004.1,plasmid,45.26928675400291,0,n/a
JBQSRU010000002.1,plasmid,50.13564253278028,0,n/a
NC_017168.1,contig/unkown,47.58250855884245,6,78.807
NC_017169.1,plasmid,50.22762706579358,0,n/a
NC_017170.1,plasmid,44.01613094532084,0,n/a
CP072849.1,chromosome,47.68189624132327,9,80.560
CP072850.1,chromosome,47.05711520779122,0,n/a
CP189045.1,chromosome,47.700868933400734,9,80.560
CP189046.1,chromosome,46.977910964077466,0,n/a
NZ_LT992488.1,chromosome,47.684574282383714,9,80.560
NZ_LT992489.1,chromosome,46.95017317043226,0,n/a
CP173752.1,chromosome,47.660036290026945,9,80.560
CP173753.1,chromosome,47.02208800097677,0,n/a
CP173751.1,plasmid,51.37072299270334,0,n/a
CP046740.1,chromosome,47.56637689045622,10,80.635
CP046739.1,chromosome,47.08980969692473,0,n/a
CP009704.1,chromosome,47.58826727722558,7,78.767
CP009702.1,plasmid,50.15460542881603,0,n/a
CP009703.1,plasmid,44.62938919604954,0,n/a
CP009701.1,plasmid,45.305995004163194,0,n/a
CP188917.1,chromosome,47.700095785753746,9,80.560
CP188918.1,chromosome,46.84593609116695,0,n/a
CP189160.1,chromosome,47.698146098776796,9,80.560
CP189161.1,chromosome,46.83310929736875,0,n/a
CP028827.1,chromosome,47.704724981045224,10,80.560
CP028828.1,chromosome,46.914618713811315,0,n/a
CP189242.1,chromosome,47.70208956258891,9,80.560
CP189243.1,chromosome,46.83329496253277,0,n/a
NZ_CP009704.1,chromosome,47.58826727722558,7,78.767
NZ_CP009702.1,plasmid,50.15460542881603,0,n/a
NZ_CP009703.1,plasmid,44.62938919604954,0,n/a
NZ_CP009701.1,plasmid,45.305995004163194,0,n/a
CP189049.1,chromosome,47.7008873235203,9,80.560
CP189050.1,chromosome,46.97800537780598,0,n/a
NZ_CP102927.1,chromosome,47.681763834603416,8,80.560
NZ_CP102928.1,chromosome,47.01904110908049,0,n/a
CP189370.1,chromosome,47.69788644299298,9,80.560
CP189371.1,chromosome,46.83320212995076,0,n/a
CP006947.1,chromosome,47.6770918273404,7,80.560
CP006948.1,chromosome,47.01983467918981,0,n/a
NZ_CP157384.1,chromosome,47.64876455459295,9,80.560
NZ_CP157385.1,chromosome,46.920393436251594,0,n/a
CP188913.1,chromosome,47.70008019193759,9,80.560
CP188914.1,chromosome,46.84617174773098,0,n/a
NZ_CP064126.1,chromosome,47.65101034584791,7,78.830
CP002956.1,chromosome,47.58250855884245,6,78.807
CP002957.1,plasmid,50.22762706579358,0,n/a
CP002958.1,plasmid,44.01613094532084,0,n/a
NZ_CM126325.1,chromosome,47.62310713322881,7,78.730
NZ_JBQSSP010000003.1,plasmid,44.81550809722341,0,n/a
NZ_JBQSSP010000002.1,plasmid,45.25812818115716,0,n/a
NZ_JBQSSP010000004.1,plasmid,50.12966601178782,0,n/a
NZ_CP177839.1,chromosome,47.606513362162126,7,78.730
NZ_CP177842.1,plasmid,44.80975983866157,0,n/a
NZ_CP177841.1,plasmid,49.06632324533162,0,n/a
NZ_CP177840.1,plasmid,50.16684985493469,0,n/a
NZ_CP177843.1,plasmid,45.27575442247659,0,n/a
CP151595.1,chromosome,47.63682044345538,7,78.807
CP151597.1,plasmid,44.643928419882066,0,n/a
CP151596.1,plasmid,50.16300847247683,0,n/a
CP151598.1,plasmid,45.27575442247659,0,n/a
CM126303.1,chromosome,47.62347433908728,7,78.730
JBQSRT010000002.1,plasmid,44.816390188572235,0,n/a
JBQSRT010000003.1,plasmid,45.2551709801476,0,n/a
JBQSRT010000004.1,plasmid,50.140078050506744,0,n/a
CP064119.2,chromosome,47.69191050758868,7,78.830
CP189200.1,chromosome,47.68548872705305,9,80.560
CP189201.1,chromosome,46.833135134482795,0,n/a
NZ_CP006751.1,chromosome,47.63641098813541,7,78.753
NZ_CP006750.1,plasmid,44.88486221215553,0,n/a
NZ_CP006749.1,plasmid,51.9866891824774,0,n/a
CP157384.1,chromosome,47.64876455459295,9,80.560
CP157385.1,chromosome,46.920393436251594,0,n/a
CP102927.1,chromosome,47.681763834603416,8,80.560
CP102928.1,chromosome,47.01904110908049,0,n/a
CP188830.1,chromosome,47.72528067939291,9,80.560
CP188831.1,chromosome,46.97749466327911,0,n/a
CP188860.1,chromosome,47.69983219617062,9,80.560
CP188861.1,chromosome,46.82943059502162,0,n/a
CP189118.1,chromosome,47.47436186012843,9,80.560
NZ_CM126303.1,chromosome,47.62347433908728,7,78.730
NZ_JBQSRT010000002.1,plasmid,44.816390188572235,0,n/a
NZ_JBQSRT010000003.1,plasmid,45.2551709801476,0,n/a
NZ_JBQSRT010000004.1,plasmid,50.140078050506744,0,n/a
NZ_CP064119.2,chromosome,47.69191050758868,7,78.830
NZ_CP173265.1,chromosome,47.682325683551014,10,80.560
NZ_CP173266.1,chromosome,47.020074502915705,0,n/a
NZ_CP173267.1,plasmid,51.584729580722374,0,n/a
CP137097.1,chromosome,47.72515468060925,9,80.560
CP137098.1,chromosome,46.794953662556374,0,n/a
CP064126.1,chromosome,47.65101034584791,7,78.830
CP003069.1,chromosome,47.67064450950476,7,80.560
CP003070.1,chromosome,47.01867895046184,0,n/a
CM126325.1,chromosome,47.62310713322881,7,78.730
JBQSSP010000003.1,plasmid,44.81550809722341,0,n/a
JBQSSP010000002.1,plasmid,45.25812818115716,0,n/a
JBQSSP010000004.1,plasmid,50.12966601178782,0,n/a
CP177839.1,chromosome,47.606513362162126,7,78.730
CP177842.1,plasmid,44.80975983866157,0,n/a
CP177841.1,plasmid,49.06632324533162,0,n/a
CP177840.1,plasmid,50.16684985493469,0,n/a
CP177843.1,plasmid,45.27575442247659,0,n/a
CP188945.1,chromosome,47.69995995325155,9,80.560
CP188946.1,chromosome,46.8400802430729,0,n/a
NZ_CP132187.1,chromosome,47.66747170900184,8,80.560
NZ_CP132188.1,chromosome,46.91197828735471,0,n/a
CP077060.1,chromosome,47.69658717781093,9,80.560
CP077061.1,chromosome,47.033872739478994,0,n/a
NC_012578.1,chromosome,47.83187549416202,7,80.560
NC_012580.1,chromosome,47.035977300832776,0,n/a
NZ_CM126297.1,chromosome,47.62376440938178,7,78.730
NZ_JBQSRN010000004.1,plasmid,44.822701063935284,0,n/a
NZ_JBQSRN010000002.1,plasmid,45.25342750311591,0,n/a
NZ_JBQSRN010000003.1,plasmid,50.13510990576698,0,n/a
CP024082.1,chromosome,47.70684878810963,10,80.591
CP024083.1,chromosome,47.28438004709534,0,n/a
CP013309.1,chromosome,47.72455519458308,9,80.560
CP013310.1,chromosome,46.81949894870223,0,n/a
CP160320.1,chromosome,47.67342661504851,8,80.560
CP160321.1,chromosome,47.0235414495714,0,n/a
CP046749.1,chromosome,47.86333981571989,10,80.635
CP046750.1,chromosome,47.134208493088074,0,n/a
CP177890.1,chromosome,47.64457579948201,7,78.730
CP177891.1,plasmid,44.63407874199524,0,n/a
CP177893.1,plasmid,50.144387609276286,0,n/a
CP177892.1,plasmid,45.27575442247659,0,n/a
NC_012582.1,chromosome,47.77998451098153,8,80.635
NC_012583.1,chromosome,46.86732264120041,0,n/a
CP189097.1,chromosome,47.701614512358915,9,80.560
CP189098.1,chromosome,46.83294715266019,0,n/a
NZ_CP016987.1,chromosome,48.05694468660675,9,80.635
NZ_CP016988.1,chromosome,46.84330387714399,0,n/a
CP177861.1,chromosome,47.60410032450793,7,78.730
CP177863.1,plasmid,44.80833960602747,0,n/a
CP177862.1,plasmid,49.06632324533162,0,n/a
CP177864.1,plasmid,50.1649574687972,0,n/a
CP177865.1,plasmid,45.27575442247659,0,n/a
CM126322.1,chromosome,47.624655019487165,7,78.730
JBQSSM010000004.1,plasmid,44.82607217721375,0,n/a
JBQSSM010000002.1,plasmid,45.27187985499741,0,n/a
JBQSSM010000003.1,plasmid,50.126656848306325,0,n/a
CP189162.1,chromosome,47.69814459590215,9,80.560
CP189163.1,chromosome,46.83329496253277,0,n/a
CP151627.1,chromosome,47.581872763493834,7,78.830
CP151629.1,plasmid,44.640688333162615,0,n/a
CP151628.1,plasmid,50.13693646350214,0,n/a
CP151630.1,plasmid,45.27575442247659,0,n/a
CP172327.1,chromosome,47.712362683279665,10,80.560
CP172328.1,chromosome,46.598614649001725,0,n/a
NZ_CP064128.1,chromosome,47.660743933820385,7,78.830
NZ_CP178041.1,chromosome,47.635871056315224,7,78.730
NZ_CP178042.1,plasmid,44.642308423932924,0,n/a
NZ_CP178044.1,plasmid,50.17834610072829,0,n/a
NZ_CP178043.1,plasmid,45.27575442247659,0,n/a
NZ_CP177890.1,chromosome,47.64457579948201,7,78.730
NZ_CP177891.1,plasmid,44.63407874199524,0,n/a
NZ_CP177893.1,plasmid,50.144387609276286,0,n/a
NZ_CP177892.1,plasmid,45.27575442247659,0,n/a
CP189258.1,chromosome,47.68535975939928,9,80.560
CP189259.1,chromosome,46.83332080085332,0,n/a
CP160312.1,chromosome,47.667886185065676,8,80.560
CP160313.1,chromosome,47.08314287921935,0,n/a
CP188904.1,chromosome,47.70004750056474,9,80.560
CP188905.1,chromosome,46.84604679522087,0,n/a
CP188969.1,chromosome,47.70000372680798,9,80.560
CP188970.1,chromosome,46.83315865352034,0,n/a
NZ_CP077060.1,chromosome,47.69658717781093,9,80.560
NZ_CP077061.1,chromosome,47.033872739478994,0,n/a
CM126297.1,chromosome,47.62376440938178,7,78.730
JBQSRN010000004.1,plasmid,44.822701063935284,0,n/a
JBQSRN010000002.1,plasmid,45.25342750311591,0,n/a
JBQSRN010000003.1,plasmid,50.13510990576698,0,n/a
CP189298.1,chromosome,47.702042752236565,9,80.560
CP189299.1,chromosome,46.935086416261036,0,n/a
CP189215.1,chromosome,47.47379064136952,9,80.560
CP132187.1,chromosome,47.66747170900184,8,80.560
CP132188.1,chromosome,46.91197828735471,0,n/a
NZ_CP009840.1,chromosome,47.57344421041114,6,78.830
NZ_CP009841.1,plasmid,50.20036085934877,0,n/a
NZ_CP009839.1,plasmid,45.26633374947981,0,n/a
CP064128.1,chromosome,47.660743933820385,7,78.830
NZ_CP026531.1,chromosome,47.55853966949093,9,80.591
NZ_CP026532.1,chromosome,46.41539601303286,0,n/a
NZ_CP026647.1,chromosome,47.70105030784885,7,80.560
NZ_CP026648.1,chromosome,47.018597863142894,0,n/a
CP189228.1,chromosome,47.70202414211682,9,80.560
CP189229.1,chromosome,46.833251486016174,0,n/a
CP178041.1,chromosome,47.635871056315224,7,78.730
CP178042.1,plasmid,44.642308423932924,0,n/a
CP178044.1,plasmid,50.17834610072829,0,n/a
CP178043.1,plasmid,45.27575442247659,0,n/a
CP189277.1,chromosome,47.70205685235286,9,80.560
CP189278.1,chromosome,46.935224037164694,0,n/a
NZ_CP172327.1,chromosome,47.712362683279665,10,80.560
NZ_CP172328.1,chromosome,46.598614649001725,0,n/a
NZ_CP177861.1,chromosome,47.60410032450793,7,78.730
NZ_CP177863.1,plasmid,44.80833960602747,0,n/a
NZ_CP177862.1,plasmid,49.06632324533162,0,n/a
NZ_CP177864.1,plasmid,50.1649574687972,0,n/a
NZ_CP177865.1,plasmid,45.27575442247659,0,n/a
NZ_CM126322.1,chromosome,47.624655019487165,7,78.730
NZ_JBQSSM010000004.1,plasmid,44.82607217721375,0,n/a
NZ_JBQSSM010000002.1,plasmid,45.27187985499741,0,n/a
NZ_JBQSSM010000003.1,plasmid,50.126656848306325,0,n/a
NZ_CP046839.1,chromosome,47.90334282228548,10,80.591
NZ_CP046838.1,chromosome,47.21739000997316,0,n/a
NZ_CP151603.1,chromosome,47.63903302508203,7,78.807
NZ_CP151604.1,plasmid,44.63776174658687,0,n/a
NZ_CP151605.1,plasmid,50.16300847247683,0,n/a
NZ_CP151606.1,plasmid,45.27575442247659,0,n/a
CP189039.1,chromosome,47.70083958431914,9,80.560
CP189040.1,chromosome,46.97767778324328,0,n/a
NZ_CP010812.1,chromosome,47.68660014489405,7,80.591
NZ_CP104354.1,chromosome,47.81925225513524,9,80.591
NZ_CP104355.1,chromosome,46.95118341134515,0,n/a
CP189246.1,chromosome,47.702025645462484,9,80.560
CP189247.1,chromosome,46.83338779511478,0,n/a
CP189152.1,chromosome,47.69808080907005,9,80.560
CP189153.1,chromosome,46.83306582102452,0,n/a
NZ_CP178045.1,chromosome,47.62410049979831,7,78.730
NZ_CP178046.1,plasmid,44.64100200459447,0,n/a
NZ_CP178048.1,plasmid,50.16735324407827,0,n/a
NZ_CP178047.1,plasmid,45.26670883407126,0,n/a
NZ_CM126315.1,chromosome,47.6244766044797,7,78.730
NZ_JBQSSF010000003.1,plasmid,44.82441104390078,0,n/a
NZ_JBQSSF010000002.1,plasmid,45.263484832798426,0,n/a
NZ_JBQSSF010000004.1,plasmid,50.13808760946269,0,n/a
NZ_CP006748.1,chromosome,47.642534986984735,7,78.807
NZ_CP006747.1,plasmid,44.889056667086116,0,n/a
NZ_CP006746.1,plasmid,52.003036119605596,0,n/a
NC_004088.1,contig/unkown,47.64115889674629,7,78.807
NC_004838.1,plasmid,50.1623923160709,0,n/a
CP046840.1,chromosome,47.72970810741367,9,80.560
CP046841.1,chromosome,46.95068561987498,0,n/a
NZ_CP040172.1,chromosome,47.728858889915884,8,80.560
NZ_CP040173.1,chromosome,47.05838945095865,0,n/a
NZ_CP040171.1,plasmid,51.40671889144707,0,n/a
NZ_CM126296.1,chromosome,47.62406612031559,7,78.730
NZ_JBQSRM010000002.1,plasmid,44.81277813996996,0,n/a
NZ_JBQSRM010000004.1,plasmid,45.262829835861204,0,n/a
NZ_JBQSRM010000003.1,plasmid,50.1252049924877,0,n/a
NZ_CP025936.1,chromosome,47.65095061775892,9,80.560
NZ_CP025937.1,chromosome,46.92102084230608,0,n/a
CP188878.1,chromosome,47.69998306599619,9,80.560
CP188879.1,chromosome,46.82919595731173,0,n/a
NZ_CM127143.1,chromosome,46.719611521605785,0,n/a
NZ_CM127144.1,chromosome,48.05321351107866,10,80.560
CP189344.1,chromosome,47.68532562993002,9,80.560
CP189345.1,chromosome,46.80071895406754,0,n/a
CP189061.1,chromosome,47.70085500197,9,80.560
CP189062.1,chromosome,46.977910964077466,0,n/a
CP189273.1,chromosome,47.70192601140867,9,80.560
CP189274.1,chromosome,46.93479969166763,0,n/a
CP160478.1,chromosome,47.666712038624574,9,80.560
CP160479.1,chromosome,46.9349153449221,0,n/a
CP154817.1,chromosome,47.636915829630965,7,78.807
CP154819.1,plasmid,44.643928419882066,0,n/a
CP154818.1,plasmid,50.16300847247683,0,n/a
CP154820.1,plasmid,45.27575442247659,0,n/a
CP178045.1,chromosome,47.62410049979831,7,78.730
CP178046.1,plasmid,44.64100200459447,0,n/a
CP178048.1,plasmid,50.16735324407827,0,n/a
CP178047.1,plasmid,45.26670883407126,0,n/a
CM126315.1,chromosome,47.6244766044797,7,78.730
JBQSSF010000003.1,plasmid,44.82441104390078,0,n/a
JBQSSF010000002.1,plasmid,45.263484832798426,0,n/a
JBQSSF010000004.1,plasmid,50.13808760946269,0,n/a
CP189043.1,chromosome,47.70085500197,9,80.560
CP189044.1,chromosome,46.97786661052202,0,n/a
CM127145.1,chromosome,48.03824120110663,10,80.516
CM127146.1,chromosome,46.743340969832474,0,n/a
JBQWMA010000002.1,plasmid,41.07984264902952,0,n/a
CP104354.1,chromosome,47.81925225513524,9,80.591
CP104355.1,chromosome,46.95118341134515,0,n/a
CP188901.1,chromosome,47.476540656015814,9,80.560
CP189076.1,chromosome,47.475461129524554,9,80.560
CP009042.1,chromosome,47.68200438946161,8,80.560
CP009041.1,chromosome,47.019806796061765,0,n/a
CM127143.1,chromosome,46.719611521605785,0,n/a
CM127144.1,chromosome,48.05321351107866,10,80.560
CP189055.1,chromosome,47.70094899426518,9,80.560
CP189056.1,chromosome,46.97786661052202,0,n/a
CP012997.1,chromosome,47.08009435312716,0,n/a
CP012998.1,chromosome,47.82234324854908,10,80.711
CP040172.1,chromosome,47.728858889915884,8,80.560
CP040173.1,chromosome,47.05838945095865,0,n/a
CP040171.1,plasmid,51.40671889144707,0,n/a
CM126296.1,chromosome,47.62406612031559,7,78.730
JBQSRM010000002.1,plasmid,44.81277813996996,0,n/a
JBQSRM010000004.1,plasmid,45.262829835861204,0,n/a
JBQSRM010000003.1,plasmid,50.1252049924877,0,n/a
CP189013.1,chromosome,47.69989005920065,9,80.560
CP189014.1,chromosome,46.83325968533117,0,n/a
NZ_CP155632.1,chromosome,47.63471012887701,7,78.757
NZ_CP155634.1,plasmid,44.64518205357012,0,n/a
NZ_CP155633.1,plasmid,50.16536618212065,0,n/a
NZ_CP155635.1,plasmid,45.54790894653256,0,n/a
CP189220.1,chromosome,47.70205685235286,9,80.560
CP189221.1,chromosome,46.83315277379371,0,n/a
NZ_CM126343.1,chromosome,47.62439315096048,7,78.730
NZ_JBQSTG010000003.1,plasmid,44.82597424673834,0,n/a
NZ_JBQSTG010000004.1,plasmid,45.265780730897006,0,n/a
NZ_JBQSTG010000002.1,plasmid,50.134590824246,0,n/a
NZ_CP137091.1,chromosome,47.941896019155,10,80.635
NZ_CP137092.1,chromosome,46.541657737457435,0,n/a
NZ_CP177824.1,chromosome,47.660681697515805,7,78.730
NZ_CP177828.1,plasmid,44.80975983866157,0,n/a
NZ_CP177827.1,plasmid,49.06632324533162,0,n/a
NZ_CP177826.1,plasmid,50.16684985493469,0,n/a
NZ_CP177825.1,plasmid,45.27575442247659,0,n/a
NZ_CP047305.1,chromosome,47.802217015770886,10,80.560
NZ_CP047306.1,chromosome,46.90742787695324,0,n/a
CP090386.1,chromosome,45.990308295274865,0,n/a
CP090387.1,chromosome,47.965892520192654,10,80.560
CP090388.1,plasmid,41.29800831420239,0,n/a
CP006762.1,chromosome,47.639941232886,7,78.753
CP006761.1,plasmid,44.890454818729644,0,n/a
CP006760.1,plasmid,52.00157644671829,0,n/a
CP178074.1,chromosome,47.57002946753988,7,78.730
CP178076.1,plasmid,44.64246521223827,0,n/a
CP178077.1,plasmid,50.18912646289072,0,n/a
CP178078.1,plasmid,45.27575442247659,0,n/a
CP178075.1,plasmid,50.24124742571344,0,n/a
CP189232.1,chromosome,47.70216758004698,9,80.560
CP189233.1,chromosome,46.83338779511478,0,n/a
CM126329.1,chromosome,47.624422225828425,7,78.730
JBQSSU010000003.1,plasmid,44.81717259077569,0,n/a
JBQSSU010000002.1,plasmid,45.27754763877382,0,n/a
JBQSSU010000004.1,plasmid,50.1386267107126,0,n/a
CP053804.1,chromosome,47.83873735200327,10,80.560
CP053805.1,chromosome,46.72195875305968,0,n/a
CM126269.1,chromosome,47.62413085161801,7,78.730
JBQSQK010000004.1,plasmid,44.82641349015162,0,n/a
JBQSQK010000003.1,plasmid,45.270130407783064,0,n/a
JBQSQK010000002.1,plasmid,50.130645763344525,0,n/a
NZ_CP046744.1,chromosome,47.84288306974332,10,80.560
NZ_CP046743.1,chromosome,46.81612781505103,0,n/a
NZ_CP024867.1,chromosome,47.65110064598339,9,80.560
NZ_CP024868.1,chromosome,46.9212896137493,0,n/a
CP188987.1,chromosome,47.69254666001749,8,80.560
CP188988.1,chromosome,46.83337015712931,0,n/a
NZ_CM126265.1,chromosome,47.624673509625254,7,78.730
NZ_JBQSQG010000004.1,plasmid,44.828910316579915,0,n/a
NZ_JBQSQG010000002.1,plasmid,45.197095435684645,0,n/a
NZ_JBQSQG010000003.1,plasmid,50.24068073829463,0,n/a
CP189142.1,chromosome,47.698063735179645,9,80.560
CP189143.1,chromosome,46.83329496253277,0,n/a
NZ_CP177930.1,chromosome,47.64838835249452,7,78.730
NZ_CP177931.1,plasmid,44.63634507103889,0,n/a
NZ_CP177933.1,plasmid,50.14061240142382,0,n/a
NZ_CP177932.1,plasmid,45.2606388513162,0,n/a
NZ_CP178074.1,chromosome,47.57002946753988,7,78.730
NZ_CP178076.1,plasmid,44.64246521223827,0,n/a
NZ_CP178077.1,plasmid,50.18912646289072,0,n/a
NZ_CP178078.1,plasmid,45.27575442247659,0,n/a
NZ_CP178075.1,plasmid,50.24124742571344,0,n/a
CP046747.1,chromosome,47.63273263253204,10,80.591
CP046748.1,chromosome,47.042998868426075,0,n/a
NZ_CM126329.1,chromosome,47.624422225828425,7,78.730
NZ_JBQSSU010000003.1,plasmid,44.81717259077569,0,n/a
NZ_JBQSSU010000002.1,plasmid,45.27754763877382,0,n/a
NZ_JBQSSU010000004.1,plasmid,50.1386267107126,0,n/a
NC_007795.1,chromosome,32.86825046493519,5,99.871
NC_009381.1,contig/unkown,47.64393686999775,7,78.830
NC_009377.1,plasmid,44.889311535933544,0,n/a
NC_009378.1,plasmid,52.00569301510839,0,n/a
NZ_CP090386.1,chromosome,45.990308295274865,0,n/a
NZ_CP090387.1,chromosome,47.965892520192654,10,80.560
NZ_CP090388.1,plasmid,41.29800831420239,0,n/a
CM126343.1,chromosome,47.62439315096048,7,78.730
JBQSTG010000003.1,plasmid,44.82597424673834,0,n/a
JBQSTG010000004.1,plasmid,45.265780730897006,0,n/a
JBQSTG010000002.1,plasmid,50.134590824246,0,n/a
CP137091.1,chromosome,47.941896019155,10,80.635
CP137092.1,chromosome,46.541657737457435,0,n/a
CP177824.1,chromosome,47.660681697515805,7,78.730
CP177828.1,plasmid,44.80975983866157,0,n/a
CP177827.1,plasmid,49.06632324533162,0,n/a
CP177826.1,plasmid,50.16684985493469,0,n/a
CP177825.1,plasmid,45.27575442247659,0,n/a
CP047305.1,chromosome,47.802217015770886,10,80.560
CP047306.1,chromosome,46.90742787695324,0,n/a
CP155632.1,chromosome,47.63471012887701,7,78.757
CP155634.1,plasmid,44.64518205357012,0,n/a
CP155633.1,plasmid,50.16536618212065,0,n/a
CP155635.1,plasmid,45.54790894653256,0,n/a
CP166963.1,chromosome,47.61937430951435,6,78.807
CP166965.1,plasmid,44.832147937411094,0,n/a
CP166964.1,plasmid,50.22866645878806,0,n/a
CM126265.1,chromosome,47.624673509625254,7,78.730
JBQSQG010000004.1,plasmid,44.828910316579915,0,n/a
JBQSQG010000002.1,plasmid,45.197095435684645,0,n/a
JBQSQG010000003.1,plasmid,50.24068073829463,0,n/a
NZ_CP045163.1,chromosome,47.59414205037119,7,78.730
NZ_CP045164.1,plasmid,50.163879234372054,0,n/a
NZ_CP045165.1,plasmid,45.27575442247659,0,n/a
CP177930.1,chromosome,47.64838835249452,7,78.730
CP177931.1,plasmid,44.63634507103889,0,n/a
CP177933.1,plasmid,50.14061240142382,0,n/a
CP177932.1,plasmid,45.2606388513162,0,n/a
NZ_CM126269.1,chromosome,47.62413085161801,7,78.730
NZ_JBQSQK010000004.1,plasmid,44.82641349015162,0,n/a
NZ_JBQSQK010000003.1,plasmid,45.270130407783064,0,n/a
NZ_JBQSQK010000002.1,plasmid,50.130645763344525,0,n/a
NZ_CP012666.1,chromosome,46.95371884103741,0,n/a
NZ_CP012667.1,chromosome,47.68222509562279,8,80.560
NZ_CP012668.1,plasmid,51.53068022829732,0,n/a
CP188864.1,chromosome,47.6999332773879,9,80.560
CP188865.1,chromosome,46.829332038287866,0,n/a
CP006783.1,chromosome,47.62864416192646,7,78.830
CP006780.1,plasmid,44.88968429294483,0,n/a
CP006779.1,plasmid,52.00157644671829,0,n/a
CP158974.1,chromosome,47.65587276827033,8,80.560
CP158975.1,chromosome,47.04033846601927,0,n/a
CP158976.1,plasmid,51.37004484304932,0,n/a
NZ_CP053804.1,chromosome,47.83873735200327,10,80.560
NZ_CP053805.1,chromosome,46.72195875305968,0,n/a
CP188931.1,chromosome,47.69749736844253,9,80.560
CP188932.1,chromosome,46.8400861207085,0,n/a
AP023371.1,chromosome,47.69205070116057,9,80.560
AP023372.1,chromosome,47.27553328452094,0,n/a
CP191367.1,chromosome,47.66201520459351,9,80.560
CP191368.1,chromosome,47.06403859825258,0,n/a
NZ_CM126293.1,chromosome,47.6246696268688,7,78.730
NZ_JBQSRJ010000002.1,plasmid,44.81448400039697,0,n/a
NZ_JBQSRJ010000003.1,plasmid,45.25046767823737,0,n/a
NZ_JBQSRJ010000004.1,plasmid,50.13518960957241,0,n/a
CP189268.1,chromosome,47.473987723772304,9,80.560
CP188957.1,chromosome,47.699922750488,9,80.560
CP188958.1,chromosome,46.83343127179827,0,n/a
CP189296.1,chromosome,47.702041248902574,9,80.560
CP189297.1,chromosome,46.93540561854792,0,n/a
CP188874.1,chromosome,47.69998005838643,9,80.560
CP188875.1,chromosome,46.829387193728934,0,n/a
CP177922.1,chromosome,47.645638355143284,7,78.730
CP177924.1,plasmid,44.63196895877702,0,n/a
CP177923.1,plasmid,50.13962909791736,0,n/a
CP177925.1,plasmid,45.271043595879725,0,n/a
CP189085.1,chromosome,47.47568003858396,9,80.560
NZ_CP171662.1,chromosome,47.711948293157995,9,80.560
NZ_CP171663.1,chromosome,46.92018141902397,0,n/a
CP178006.1,chromosome,47.600762393831516,7,78.807
CP178008.1,plasmid,44.82915393904952,0,n/a
CP178007.1,plasmid,50.13864306784661,0,n/a
CP178009.1,plasmid,45.27575442247659,0,n/a
CM129939.1,chromosome,47.693958575144,9,80.560
CM129940.1,chromosome,47.1743244518195,0,n/a
NZ_CP104356.1,chromosome,47.819083115763725,9,80.591
NZ_CP104357.1,chromosome,46.95135754485679,0,n/a
NZ_CM126314.1,chromosome,47.6245210305006,7,78.730
NZ_JBQSSE010000003.1,plasmid,44.81683112169672,0,n/a
NZ_JBQSSE010000002.1,plasmid,45.25812818115716,0,n/a
NZ_JBQSSE010000004.1,plasmid,50.13315513801948,0,n/a
CP189079.1,chromosome,47.702025645462484,9,80.560
CP189080.1,chromosome,46.83344890936147,0,n/a
CP189131.1,chromosome,47.474147929138574,9,80.560
NZ_CP013319.1,chromosome,47.671752502753876,9,80.560
NZ_CP013320.1,chromosome,46.91175052453101,0,n/a
CP188890.1,chromosome,47.699872199691335,9,80.560
CP188891.1,chromosome,46.829387193728934,0,n/a
CP189095.1,chromosome,47.47527007183452,9,80.560
NZ_CP177922.1,chromosome,47.645638355143284,7,78.730
NZ_CP177924.1,plasmid,44.63196895877702,0,n/a
NZ_CP177923.1,plasmid,50.13962909791736,0,n/a
NZ_CP177925.1,plasmid,45.271043595879725,0,n/a
NZ_AP023371.1,chromosome,47.69205070116057,9,80.560
NZ_AP023372.1,chromosome,47.27553328452094,0,n/a
NZ_CP191367.1,chromosome,47.66201520459351,9,80.560
NZ_CP191368.1,chromosome,47.06403859825258,0,n/a
CM126293.1,chromosome,47.6246696268688,7,78.730
JBQSRJ010000002.1,plasmid,44.81448400039697,0,n/a
JBQSRJ010000003.1,plasmid,45.25046767823737,0,n/a
JBQSRJ010000004.1,plasmid,50.13518960957241,0,n/a
CP189067.1,chromosome,47.70090422739884,9,80.560
CP189068.1,chromosome,46.97776649008136,0,n/a
NZ_CP046745.1,chromosome,47.53413490275711,10,80.635
NZ_CP046746.1,chromosome,47.25105429573832,0,n/a
CP173745.1,chromosome,47.622120630017115,9,80.819
CP173747.1,chromosome,46.91530103983266,0,n/a
CP173746.1,plasmid,51.36610845638354,0,n/a
CM126314.1,chromosome,47.6245210305006,7,78.730
JBQSSE010000003.1,plasmid,44.81683112169672,0,n/a
JBQSSE010000002.1,plasmid,45.25812818115716,0,n/a
JBQSSE010000004.1,plasmid,50.13315513801948,0,n/a
CP028892.1,chromosome,47.806354469784125,10,80.516
CP028893.1,chromosome,46.81609306622315,0,n/a
CP171662.1,chromosome,47.711948293157995,9,80.560
CP171663.1,chromosome,46.92018141902397,0,n/a
CP013013.1,chromosome,47.08448129772823,0,n/a
CP013014.1,chromosome,47.80875077478076,8,80.711
NZ_CP178006.1,chromosome,47.600762393831516,7,78.807
NZ_CP178008.1,plasmid,44.82915393904952,0,n/a
NZ_CP178007.1,plasmid,50.13864306784661,0,n/a
NZ_CP178009.1,plasmid,45.27575442247659,0,n/a
CP104356.1,chromosome,47.819083115763725,9,80.591
CP104357.1,chromosome,46.95135754485679,0,n/a
NZ_CM129939.1,chromosome,47.693958575144,9,80.560
NZ_CM129940.1,chromosome,47.1743244518195,0,n/a
CP013303.1,chromosome,47.713576023426,8,80.560
CP013304.1,chromosome,46.9519339638154,0,n/a
CP053806.1,chromosome,47.78517533986155,10,80.560
CP053807.1,chromosome,46.69005018537931,0,n/a
NZ_CP184805.1,chromosome,48.03961920533813,10,80.635
NZ_CP184806.1,chromosome,47.062051191850905,0,n/a
CM126272.1,chromosome,47.62432193355865,7,78.730
JBQSQN010000003.1,plasmid,44.822749298648304,0,n/a
JBQSQN010000004.1,plasmid,45.265780730897006,0,n/a
JBQSQN010000002.1,plasmid,50.13215426185212,0,n/a
CP188999.1,chromosome,47.69721263260141,9,80.560
CP189000.1,chromosome,46.833251486016174,0,n/a
CP196685.1,chromosome,47.65669835512457,7,78.730
CP196687.1,plasmid,44.65879938429964,0,n/a
CP196686.1,plasmid,50.33507491284313,0,n/a
CP196688.1,plasmid,45.25965240919971,0,n/a
NZ_CM126266.1,chromosome,47.62341915452296,7,78.730
NZ_JBQSQH010000004.1,plasmid,44.818590407055055,0,n/a
NZ_JBQSQH010000003.1,plasmid,45.262829835861204,0,n/a
NZ_JBQSQH010000002.1,plasmid,50.131089268354955,0,n/a
NZ_CP177946.1,chromosome,47.649158179356384,7,78.730
NZ_CP177947.1,plasmid,44.63389731621937,0,n/a
NZ_CP177949.1,plasmid,50.15308691711149,0,n/a
NZ_CP177948.1,plasmid,45.27575442247659,0,n/a
CP189009.1,chromosome,47.697413515104905,9,80.560
CP189010.1,chromosome,46.83321032867772,0,n/a
NZ_CM126346.1,chromosome,47.62298723274973,7,78.730
NZ_JBQSTI010000004.1,plasmid,44.81991555442206,0,n/a
NZ_JBQSTI010000002.1,plasmid,45.24130773222626,0,n/a
NZ_JBQSTI010000003.1,plasmid,50.130137995383784,0,n/a
NZ_CP177802.1,chromosome,47.60740052440477,7,78.730
NZ_CP177804.1,plasmid,44.80770323240357,0,n/a
NZ_CP177803.1,plasmid,50.16585964808048,0,n/a
NZ_CP177805.1,plasmid,45.27575442247659,0,n/a
CP189202.1,chromosome,47.70207395912792,9,80.560
CP189203.1,chromosome,46.83338779511478,0,n/a
CP166966.1,chromosome,47.61935280324538,6,78.807
CP166968.1,plasmid,44.832147937411094,0,n/a
CP166967.1,plasmid,50.22866645878806,0,n/a
CP166969.1,plasmid,45.26534859521332,0,n/a
CP189063.1,chromosome,47.70090274119156,9,80.560
CP189064.1,chromosome,46.97777219688265,0,n/a
CM126307.1,chromosome,47.62385476269018,7,78.730
JBQSRX010000002.1,plasmid,44.82138049285097,0,n/a
JBQSRX010000003.1,plasmid,45.27187985499741,0,n/a
JBQSRX010000004.1,plasmid,50.13758132038758,0,n/a
CP045154.1,chromosome,47.640294895911026,6,78.730
CP045156.1,plasmid,44.633427662864314,0,n/a
CP045155.1,plasmid,50.15410027597043,0,n/a
CP045157.1,plasmid,45.271043595879725,0,n/a
CM126330.1,chromosome,47.624257690933575,7,78.730
JBQSST010000004.1,plasmid,44.820892138525195,0,n/a
JBQSST010000002.1,plasmid,45.27950310559007,0,n/a
JBQSST010000003.1,plasmid,50.131063528995966,0,n/a
CP064350.1,chromosome,47.65103475861602,9,80.560
CP064351.1,chromosome,46.920435074265704,0,n/a
CM126266.1,chromosome,47.62341915452296,7,78.730
JBQSQH010000004.1,plasmid,44.818590407055055,0,n/a
JBQSQH010000003.1,plasmid,45.262829835861204,0,n/a
JBQSQH010000002.1,plasmid,50.131089268354955,0,n/a
NZ_CP159790.1,chromosome,47.83987082274851,8,80.560
NZ_CP159791.1,chromosome,46.984491565741756,0,n/a
CP177946.1,chromosome,47.649158179356384,7,78.730
CP177947.1,plasmid,44.63389731621937,0,n/a
CP177949.1,plasmid,50.15308691711149,0,n/a
CP177948.1,plasmid,45.27575442247659,0,n/a
NZ_CP196685.1,chromosome,47.65669835512457,7,78.730
NZ_CP196687.1,plasmid,44.65879938429964,0,n/a
NZ_CP196686.1,plasmid,50.33507491284313,0,n/a
NZ_CP196688.1,plasmid,45.25965240919971,0,n/a
CP189186.1,chromosome,47.68085191901044,8,80.560
CP189187.1,chromosome,46.83332668030074,0,n/a
CP184805.1,chromosome,48.03961920533813,10,80.635
CP184806.1,chromosome,47.062051191850905,0,n/a
NZ_CM126272.1,chromosome,47.62432193355865,7,78.730
NZ_JBQSQN010000003.1,plasmid,44.822749298648304,0,n/a
NZ_JBQSQN010000004.1,plasmid,45.265780730897006,0,n/a
NZ_JBQSQN010000002.1,plasmid,50.13215426185212,0,n/a
CP188846.1,chromosome,47.699995652073,9,80.560
CP188847.1,chromosome,46.829479873251486,0,n/a
NZ_CP053806.1,chromosome,47.78517533986155,10,80.560
NZ_CP053807.1,chromosome,46.69005018537931,0,n/a
CP188935.1,chromosome,47.699877473255306,9,80.560
CP188936.1,chromosome,46.8400802430729,0,n/a
NZ_CP175806.1,chromosome,47.988531443882735,10,80.516
NZ_CP175807.1,chromosome,46.80684403708615,0,n/a
NZ_CM126307.1,chromosome,47.62385476269018,7,78.730
NZ_JBQSRX010000002.1,plasmid,44.82138049285097,0,n/a
NZ_JBQSRX010000003.1,plasmid,45.27187985499741,0,n/a
NZ_JBQSRX010000004.1,plasmid,50.13758132038758,0,n/a
NZ_CM126330.1,chromosome,47.624257690933575,7,78.730
NZ_JBQSST010000004.1,plasmid,44.820892138525195,0,n/a
NZ_JBQSST010000002.1,plasmid,45.27950310559007,0,n/a
NZ_JBQSST010000003.1,plasmid,50.131063528995966,0,n/a
NZ_CP064350.1,chromosome,47.65103475861602,9,80.560
NZ_CP064351.1,chromosome,46.920435074265704,0,n/a
CM126346.1,chromosome,47.62298723274973,7,78.730
JBQSTI010000004.1,plasmid,44.81991555442206,0,n/a
JBQSTI010000002.1,plasmid,45.24130773222626,0,n/a
JBQSTI010000003.1,plasmid,50.130137995383784,0,n/a
CP177802.1,chromosome,47.60740052440477,7,78.730
CP177804.1,plasmid,44.80770323240357,0,n/a
CP177803.1,plasmid,50.16585964808048,0,n/a
CP177805.1,plasmid,45.27575442247659,0,n/a
NZ_CM126347.1,chromosome,47.6244310920295,7,78.730
NZ_JBQSTK010000003.1,plasmid,44.815119378438155,0,n/a
NZ_JBQSTK010000004.1,plasmid,45.24896265560166,0,n/a
NZ_JBQSTK010000002.1,plasmid,50.134156289620336,0,n/a
CM126258.1,chromosome,47.64404413428148,7,78.744
JBQSPZ010000002.1,plasmid,44.79555221467372,0,n/a
JBQSPZ010000003.1,plasmid,38.388888888888886,0,n/a
JBQSPZ010000005.1,plasmid,45.271043595879725,0,n/a
JBQSPZ010000004.1,plasmid,50.13421960884571,0,n/a
CP046736.1,chromosome,47.6433405287642,10,80.635
CP046735.1,chromosome,47.071815769688705,0,n/a
CM126306.1,chromosome,47.623505845018144,7,78.730
JBQSRW010000004.1,plasmid,44.81434240362812,0,n/a
JBQSRW010000003.1,plasmid,45.25812818115716,0,n/a
JBQSRW010000002.1,plasmid,50.13114850726475,0,n/a
CP009715.1,chromosome,47.64254303482345,7,78.830
CP009713.1,plasmid,44.889311535933544,0,n/a
CP009714.1,plasmid,52.007913390712716,0,n/a
CM126273.1,chromosome,47.62506873121623,7,78.730
JBQSQO010000004.1,plasmid,44.825338340537094,0,n/a
JBQSQO010000002.1,plasmid,45.26928675400291,0,n/a
JBQSQO010000003.1,plasmid,50.1331368214198,0,n/a
CP189053.1,chromosome,47.70090125498237,9,80.560
CP189054.1,chromosome,46.977583369603906,0,n/a
CP189102.1,chromosome,47.47548898077456,9,80.560
NZ_CP064122.2,chromosome,47.65770629134119,7,78.830
CM127079.1,chromosome,47.62436929327725,7,78.730
JBQSQV010000003.1,plasmid,44.818590407055055,0,n/a
JBQSQV010000002.1,plasmid,45.27027027027027,0,n/a
JBQSQV010000004.1,plasmid,50.128638202600264,0,n/a
CP189003.1,chromosome,47.69549648822181,9,80.560
CP189004.1,chromosome,46.83307401809884,0,n/a
CP188910.1,chromosome,47.70015966482156,9,80.560
CP188911.1,chromosome,46.84089753451805,0,n/a
CP151619.1,chromosome,47.59357683379157,7,78.830
CP151621.1,plasmid,44.64311843375962,0,n/a
CP151620.1,plasmid,50.160542276132716,0,n/a
CP151622.1,plasmid,45.270059319388075,0,n/a
CP189120.1,chromosome,47.474025821740966,9,80.560
NZ_CM126306.1,chromosome,47.623505845018144,7,78.730
NZ_JBQSRW010000004.1,plasmid,44.81434240362812,0,n/a
NZ_JBQSRW010000003.1,plasmid,45.25812818115716,0,n/a
NZ_JBQSRW010000002.1,plasmid,50.13114850726475,0,n/a
NZ_CP028894.1,chromosome,47.6511180082611,9,80.560
NZ_CP028895.1,chromosome,46.920889334008486,0,n/a
NZ_LT992486.1,chromosome,47.684572760050806,9,80.560
NZ_LT992487.1,chromosome,46.950072190174716,0,n/a
NZ_CM126258.1,chromosome,47.64404413428148,7,78.744
NZ_JBQSPZ010000002.1,plasmid,44.79555221467372,0,n/a
NZ_JBQSPZ010000003.1,plasmid,38.388888888888886,0,n/a
NZ_JBQSPZ010000005.1,plasmid,45.271043595879725,0,n/a
NZ_JBQSPZ010000004.1,plasmid,50.13421960884571,0,n/a
CM126347.1,chromosome,47.6244310920295,7,78.730
JBQSTK010000003.1,plasmid,44.815119378438155,0,n/a
JBQSTK010000004.1,plasmid,45.24896265560166,0,n/a
JBQSTK010000002.1,plasmid,50.134156289620336,0,n/a
NZ_CP013315.1,chromosome,47.83156114262076,10,80.560
NZ_CP013316.1,chromosome,46.90475415552714,0,n/a
NZ_CM127079.1,chromosome,47.62436929327725,7,78.730
NZ_JBQSQV010000003.1,plasmid,44.818590407055055,0,n/a
NZ_JBQSQV010000002.1,plasmid,45.27027027027027,0,n/a
NZ_JBQSQV010000004.1,plasmid,50.128638202600264,0,n/a
CP189240.1,chromosome,47.70212227282496,9,80.560
CP189241.1,chromosome,46.833344318512005,0,n/a
CP064122.2,chromosome,47.65770629134119,7,78.830
CP188842.1,chromosome,47.69979760585809,9,80.560
CP188843.1,chromosome,46.829343792516696,0,n/a
CP188848.1,chromosome,47.699883488747055,9,80.560
CP188849.1,chromosome,46.829398947720605,0,n/a
NZ_CP045258.1,chromosome,47.646492098165766,7,78.730
NZ_CP045260.1,plasmid,44.63458946257985,0,n/a
NZ_CP045259.1,plasmid,50.168343499960386,0,n/a
NZ_CP045262.1,plasmid,45.27575442247659,0,n/a
NZ_CP045261.1,plasmid,50.2384597268017,0,n/a
CP189264.1,chromosome,47.47423193866341,9,80.560
NZ_CM126273.1,chromosome,47.62506873121623,7,78.730
NZ_JBQSQO010000004.1,plasmid,44.825338340537094,0,n/a
NZ_JBQSQO010000002.1,plasmid,45.26928675400291,0,n/a
NZ_JBQSQO010000003.1,plasmid,50.1331368214198,0,n/a
CP177852.1,chromosome,47.60874635594125,7,78.730
CP177855.1,plasmid,44.80573004007618,0,n/a
CP177854.1,plasmid,50.1884446516688,0,n/a
CP177853.1,plasmid,45.27575442247659,0,n/a
CM129937.1,chromosome,47.81172324294418,10,80.560
CM129938.1,chromosome,46.95187615005626,0,n/a
CP178013.1,chromosome,47.64792357731743,7,78.830
CP178015.1,plasmid,44.62741208558801,0,n/a
CP178014.1,plasmid,50.16200148625217,0,n/a
CP178017.1,plasmid,45.271043595879725,0,n/a
CP178016.1,plasmid,50.235488048981516,0,n/a
NZ_AP040272.1,chromosome,47.4720161420893,9,80.635
NZ_CP084343.1,chromosome,47.63921169366363,6,78.807
NZ_CP084344.1,plasmid,45.26854219948849,0,n/a
NZ_CP084345.1,plasmid,44.8989849629309,0,n/a
NZ_CP084346.1,plasmid,49.681906752868,0,n/a
NZ_CP178018.1,chromosome,47.64354994685995,6,78.830
NZ_CP178020.1,plasmid,44.832294956046766,0,n/a
NZ_CP178019.1,plasmid,50.228139648488245,0,n/a
CP188953.1,chromosome,47.70000372680798,9,80.560
CP188954.1,chromosome,46.83333843913008,0,n/a
CP162008.1,chromosome,47.62447552241936,8,80.560
CP162009.1,chromosome,47.05210704212572,0,n/a
NZ_CP132180.1,chromosome,47.66981499099311,8,80.560
NZ_CP132181.1,chromosome,47.01707697841176,0,n/a
CP090378.1,chromosome,47.68222509562279,8,80.560
CP090379.1,chromosome,46.9538133946545,0,n/a
CP090380.1,plasmid,47.38445045440148,0,n/a
CP177914.1,chromosome,47.64866451543773,7,78.730
CP177917.1,plasmid,44.633427662864314,0,n/a
CP177915.1,plasmid,50.15409406788196,0,n/a
CP177916.1,plasmid,45.271043595879725,0,n/a
CM126351.1,chromosome,47.62411021018018,7,78.730
JBQSTM010000002.1,plasmid,44.81443678943041,0,n/a
JBQSTM010000004.1,plasmid,45.262829835861204,0,n/a
JBQSTM010000003.1,plasmid,50.13263120664925,0,n/a
AE003852.1,chromosome,47.69483062149186,8,80.560
AE003853.1,chromosome,46.913546858898734,0,n/a
CP084343.1,chromosome,47.63921169366363,6,78.807
CP084344.1,plasmid,45.26854219948849,0,n/a
CP084345.1,plasmid,44.8989849629309,0,n/a
CP084346.1,plasmid,49.681906752868,0,n/a
CP178018.1,chromosome,47.64354994685995,6,78.830
CP178020.1,plasmid,44.832294956046766,0,n/a
CP178019.1,plasmid,50.228139648488245,0,n/a
AP040272.1,chromosome,47.4720161420893,9,80.635
NZ_CP177852.1,chromosome,47.60874635594125,7,78.730
NZ_CP177855.1,plasmid,44.80573004007618,0,n/a
NZ_CP177854.1,plasmid,50.1884446516688,0,n/a
NZ_CP177853.1,plasmid,45.27575442247659,0,n/a
NZ_CP046844.1,chromosome,47.64875967652316,9,80.560
NZ_CP046845.1,chromosome,46.920986323280324,0,n/a
NZ_CM129937.1,chromosome,47.81172324294418,10,80.560
NZ_CM129938.1,chromosome,46.95187615005626,0,n/a
NZ_CP178013.1,chromosome,47.64792357731743,7,78.830
NZ_CP178015.1,plasmid,44.62741208558801,0,n/a
NZ_CP178014.1,plasmid,50.16200148625217,0,n/a
NZ_CP178017.1,plasmid,45.271043595879725,0,n/a
NZ_CP178016.1,plasmid,50.235488048981516,0,n/a
CP189262.1,chromosome,47.47410201751249,9,80.560
CP013311.1,contig/unkown,47.79499533279461,11,80.560
CP013312.1,chromosome,46.844032976846314,0,n/a
CP189027.1,chromosome,47.69733266792285,9,80.560
CP189028.1,chromosome,46.83318449093113,0,n/a
CP045149.1,chromosome,47.579624993703554,7,78.730
CP045151.1,plasmid,44.643928419882066,0,n/a
CP045150.1,plasmid,50.168343499960386,0,n/a
CP045153.1,plasmid,45.27575442247659,0,n/a
CP045152.1,plasmid,50.24124742571344,0,n/a
NZ_CP177914.1,chromosome,47.64866451543773,7,78.730
NZ_CP177917.1,plasmid,44.633427662864314,0,n/a
NZ_CP177915.1,plasmid,50.15409406788196,0,n/a
NZ_CP177916.1,plasmid,45.271043595879725,0,n/a
NZ_CM126351.1,chromosome,47.62411021018018,7,78.730
NZ_JBQSTM010000002.1,plasmid,44.81443678943041,0,n/a
NZ_JBQSTM010000004.1,plasmid,45.262829835861204,0,n/a
NZ_JBQSTM010000003.1,plasmid,50.13263120664925,0,n/a
NZ_CP151623.1,chromosome,47.581940893477444,7,78.830
NZ_CP151625.1,plasmid,44.642308423932924,0,n/a
NZ_CP151624.1,plasmid,50.16201753951345,0,n/a
NZ_CP151626.1,plasmid,45.27575442247659,0,n/a
NZ_CP090378.1,chromosome,47.68222509562279,8,80.560
NZ_CP090379.1,chromosome,46.9538133946545,0,n/a
NZ_CP090380.1,plasmid,47.38445045440148,0,n/a
CP016324.1,chromosome,47.8400953455439,10,80.560
CP016325.1,chromosome,46.82725143407346,0,n/a
CP132180.1,chromosome,47.66981499099311,8,80.560
CP132181.1,chromosome,47.01707697841176,0,n/a
